Institution,Spatial Jurisdiction (verbatim),Keywords Extracted (Cleaned & No Stopwords),Keyword Frequency,KWIC Evidence (keywords→snippet),Consolidated Meaningful Keywords,Keywords→Candidate Categories (pre-decision),Keywords→Category Map (flat),Consolidated Keywords→Category Trigger Map,Mapping Rationale (keyword→category + method),Ordinal Score (0–10),Methodological Notes
Intergovernmental Oceanographic Commission (IOC),"IOC jurisdiction is global delineated by the boundaries of member states’ exclusive economic zones (EEZs), territorial seas, and  extending to the limits of their recognized jurisdiction, whether it be 200 nautical miles for EEZs  (https://www.ioc.unesco.org/en). ","ioc, jurisdiction, global, delineated, boundaries, member, states, exclusive, economic, zones, eezs, territorial, seas, extending, limits, recognized, jurisdiction, whether, 200, nautical, miles, eezs","{'ioc': 1, 'jurisdiction': 2, 'global': 1, 'delineated': 1, 'boundaries': 1, 'member': 1, 'states': 1, 'exclusive': 1, 'economic': 1, 'zones': 1, 'eezs': 2, 'territorial': 1, 'seas': 1, 'extending': 1, 'limits': 1, 'recognized': 1, 'whether': 1, '200': 1, 'nautical': 1, 'miles': 1}","territorial sea: tates’ exclusive economic zones (EEZs), **territorial sea**s, and  extending to the limits of their; exclusive economic zone: ted by the boundaries of member states’ **exclusive economic zone**s (EEZs), territorial seas, and  extendi; eez: ember states’ exclusive economic zones (**EEZ**s), territorial seas, and  extending to","200, boundaries, delineated, economic, eezs, exclusive, extending, global, ioc, jurisdiction, limits, member, miles, nautical, recognized, seas, states, territorial, whether, zones","['Territorial Sea (TS)', 'Exclusive Economic Zone (EEZ)']",Territorial Sea (TS); Exclusive Economic Zone (EEZ),"{'Territorial Sea (TS)': ['territorial sea'], 'Exclusive Economic Zone (EEZ)': ['exclusive economic zone', 'eez']}","Territorial Sea (TS): matched territorial sea (string match + KWIC) | Exclusive Economic Zone (EEZ): matched exclusive economic zone, eez (string match + KWIC)",2,"URLs removed; text lowercased; non‑alphanumerics stripped; stopwords removed. Keywords extracted and frequencies computed. Candidate Spatial Jurisdiction categories identified via lexical phrase matches (UNCLOS‑relevant terms) and validated with KWIC snippets. Includes consolidated keywords, triggers, mapping rationale, and ordinal breadth score (0–10)."
Food and Agriculture Organization of the United Nations (FAO),"The FAO’s jurisdiction spans a vast array of marine and inland waters, delineated by the boundaries of member states’ exclusive economic zones (EEZs), territorial seas, and inland waters. This includes all ocean spaces and maritime zones under the purview of each member state, extending to the limits of their recognized jurisdiction, whether it be 200 nautical miles for EEZs or other specified distances for territorial seas and inland waters (https://www.fao.org/cwp-on-fishery-statistics/handbook/general-concepts/main-water-areas/en/)","fao, jurisdiction, spans, vast, array, marine, inland, waters, delineated, boundaries, member, states, exclusive, economic, zones, eezs, territorial, seas, inland, waters, includes, all, ocean, spaces, maritime, zones, under, purview, each, member, state, extending, limits, recognized, jurisdiction, whether, 200, nautical, miles, eezs, specified, distances, territorial, seas, inland, waters","{'fao': 1, 'jurisdiction': 2, 'spans': 1, 'vast': 1, 'array': 1, 'marine': 1, 'inland': 3, 'waters': 3, 'delineated': 1, 'boundaries': 1, 'member': 2, 'states': 1, 'exclusive': 1, 'economic': 1, 'zones': 2, 'eezs': 2, 'territorial': 2, 'seas': 2, 'includes': 1, 'all': 1, 'ocean': 1, 'spaces': 1, 'maritime': 1, 'under': 1, 'purview': 1, 'each': 1, 'state': 1, 'extending': 1, 'limits': 1, 'recognized': 1, 'whether': 1, '200': 1, 'nautical': 1, 'miles': 1, 'specified': 1, 'distances': 1}","inland waters: iction spans a vast array of marine and **inland waters**, delineated by the boundaries of member; territorial sea: tates’ exclusive economic zones (EEZs), **territorial sea**s, and inland waters. This includes all; exclusive economic zone: ted by the boundaries of member states’ **exclusive economic zone**s (EEZs), territorial seas, and inland w; eez: ember states’ exclusive economic zones (**EEZ**s), territorial seas, and inland waters.","200, all, array, boundaries, delineated, distances, each, economic, eezs, exclusive, extending, fao, includes, inland, jurisdiction, limits, marine, maritime, member, miles, nautical, ocean, purview, recognized, seas, spaces, spans, specified, state, states, territorial, under, vast, waters, whether, zones","['Internal Waters (IW)', 'Territorial Sea (TS)', 'Exclusive Economic Zone (EEZ)']",Internal Waters (IW); Territorial Sea (TS); Exclusive Economic Zone (EEZ),"{'Internal Waters (IW)': ['inland waters'], 'Territorial Sea (TS)': ['territorial sea'], 'Exclusive Economic Zone (EEZ)': ['exclusive economic zone', 'eez']}","Internal Waters (IW): matched inland waters (string match + KWIC) | Territorial Sea (TS): matched territorial sea (string match + KWIC) | Exclusive Economic Zone (EEZ): matched exclusive economic zone, eez (string match + KWIC)",3,"URLs removed; text lowercased; non‑alphanumerics stripped; stopwords removed. Keywords extracted and frequencies computed. Candidate Spatial Jurisdiction categories identified via lexical phrase matches (UNCLOS‑relevant terms) and validated with KWIC snippets. Includes consolidated keywords, triggers, mapping rationale, and ordinal breadth score (0–10)."
Convention on the Intergovernmental Maritime Consultative Organization (IMO) Secretariat,"The IMO’s authority spans a global geographical area, facilitating maritime cooperation and development across diverse regions. Its mandate covers member states’ territorial waters, extending to their exclusive economic zones (EEZs), typically up to 200 nautical miles from the baseline (https://www.imo.org/en/OurWork/TechnicalCooperation/Pages/Geo-Coverage.aspx#:~:text=Africa,Western%20Asia%20and%20Eastern%20Europe)","imo, authority, spans, global, geographical, area, facilitating, maritime, cooperation, development, diverse, regions, mandate, covers, member, states, territorial, waters, extending, exclusive, economic, zones, eezs, typically, 200, nautical, miles, baseline","{'imo': 1, 'authority': 1, 'spans': 1, 'global': 1, 'geographical': 1, 'area': 1, 'facilitating': 1, 'maritime': 1, 'cooperation': 1, 'development': 1, 'diverse': 1, 'regions': 1, 'mandate': 1, 'covers': 1, 'member': 1, 'states': 1, 'territorial': 1, 'waters': 1, 'extending': 1, 'exclusive': 1, 'economic': 1, 'zones': 1, 'eezs': 1, 'typically': 1, '200': 1, 'nautical': 1, 'miles': 1, 'baseline': 1}","territorial waters: ions. Its mandate covers member states’ **territorial waters**, extending to their exclusive economic; exclusive economic zone: territorial waters, extending to their **exclusive economic zone**s (EEZs), typically up to 200 nautical m; eez: ding to their exclusive economic zones (**EEZ**s), typically up to 200 nautical miles f","200, area, authority, baseline, cooperation, covers, development, diverse, economic, eezs, exclusive, extending, facilitating, geographical, global, imo, mandate, maritime, member, miles, nautical, regions, spans, states, territorial, typically, waters, zones","['Territorial Sea (TS)', 'Exclusive Economic Zone (EEZ)']",Territorial Sea (TS); Exclusive Economic Zone (EEZ),"{'Territorial Sea (TS)': ['territorial waters'], 'Exclusive Economic Zone (EEZ)': ['exclusive economic zone', 'eez']}","Territorial Sea (TS): matched territorial waters (string match + KWIC) | Exclusive Economic Zone (EEZ): matched exclusive economic zone, eez (string match + KWIC)",2,"URLs removed; text lowercased; non‑alphanumerics stripped; stopwords removed. Keywords extracted and frequencies computed. Candidate Spatial Jurisdiction categories identified via lexical phrase matches (UNCLOS‑relevant terms) and validated with KWIC snippets. Includes consolidated keywords, triggers, mapping rationale, and ordinal breadth score (0–10)."
Division for Ocean Affairs and the Law of the Sea (UN DOALOS),"UN DALOS does not have authority over any specific ocean space. Rather, it provides legal and technical assistance to States and intergovernmental organizations on matters relating to ocean affairs and the law of the sea, and also supports the Commission on the Limits of the Continental Shelf, which examines submissions by coastal States on the outer limits of their continental shelf beyond 200 nautical miles from the baselines.","dalos, does, not, authority, over, any, specific, ocean, space, rather, provides, legal, technical, assistance, states, intergovernmental, organizations, matters, relating, ocean, affairs, law, sea, supports, commission, limits, continental, shelf, examines, submissions, coastal, states, outer, limits, continental, shelf, beyond, 200, nautical, miles, baselines","{'dalos': 1, 'does': 1, 'not': 1, 'authority': 1, 'over': 1, 'any': 1, 'specific': 1, 'ocean': 2, 'space': 1, 'rather': 1, 'provides': 1, 'legal': 1, 'technical': 1, 'assistance': 1, 'states': 2, 'intergovernmental': 1, 'organizations': 1, 'matters': 1, 'relating': 1, 'affairs': 1, 'law': 1, 'sea': 1, 'supports': 1, 'commission': 1, 'limits': 2, 'continental': 2, 'shelf': 2, 'examines': 1, 'submissions': 1, 'coastal': 1, 'outer': 1, 'beyond': 1, '200': 1, 'nautical': 1, 'miles': 1, 'baselines': 1}","continental shelf: rts the Commission on the Limits of the **Continental Shelf**, which examines submissions by coastal","200, affairs, any, assistance, authority, baselines, beyond, coastal, commission, continental, dalos, does, examines, intergovernmental, law, legal, limits, matters, miles, nautical, not, ocean, organizations, outer, over, provides, rather, relating, sea, shelf, space, specific, states, submissions, supports, technical",['Extended Continental Shelf (CS)'],Extended Continental Shelf (CS),{'Extended Continental Shelf (CS)': ['continental shelf']},Extended Continental Shelf (CS): matched continental shelf (string match + KWIC),1,"URLs removed; text lowercased; non‑alphanumerics stripped; stopwords removed. Keywords extracted and frequencies computed. Candidate Spatial Jurisdiction categories identified via lexical phrase matches (UNCLOS‑relevant terms) and validated with KWIC snippets. Includes consolidated keywords, triggers, mapping rationale, and ordinal breadth score (0–10)."
Climate Change Secretariat,"The UNFCCC Secretariat operates globally, supporting the implementation of the UNFCCC and its related agreements across all countries. Its jurisdiction covers the entire atmosphere, as well as the land and ocean surfaces that are affected by or influence climate change.","unfccc, secretariat, operates, globally, supporting, implementation, unfccc, related, agreements, all, countries, jurisdiction, covers, entire, atmosphere, well, land, ocean, surfaces, affected, influence, climate, change","{'unfccc': 2, 'secretariat': 1, 'operates': 1, 'globally': 1, 'supporting': 1, 'implementation': 1, 'related': 1, 'agreements': 1, 'all': 1, 'countries': 1, 'jurisdiction': 1, 'covers': 1, 'entire': 1, 'atmosphere': 1, 'well': 1, 'land': 1, 'ocean': 1, 'surfaces': 1, 'affected': 1, 'influence': 1, 'climate': 1, 'change': 1}",,"affected, agreements, all, atmosphere, change, climate, countries, covers, entire, globally, implementation, influence, jurisdiction, land, ocean, operates, related, secretariat, supporting, surfaces, unfccc, well",[],,{},,0,"URLs removed; text lowercased; non‑alphanumerics stripped; stopwords removed. Keywords extracted and frequencies computed. Candidate Spatial Jurisdiction categories identified via lexical phrase matches (UNCLOS‑relevant terms) and validated with KWIC snippets. Includes consolidated keywords, triggers, mapping rationale, and ordinal breadth score (0–10)."
International Seabed Authority,"The international seabed area – the part under ISA jurisdiction – is defined as “the seabed and ocean floor and the subsoil thereof, beyond the limits of national jurisdiction.” (https://www.isa.org.jm/exploration-contracts/exploration-areas/). This includes a vast expanse of ocean space, territory and maritime zones, covering about 50 per cent of the world’s oceans (https://www.un.org/depts/los/convention_agreements/texts/unclos/part11-4.htm).","international, seabed, area, part, under, isa, jurisdiction, defined, seabed, ocean, floor, subsoil, thereof, beyond, limits, national, jurisdiction, includes, vast, expanse, ocean, space, territory, maritime, zones, covering, about, cent, world, oceans","{'international': 1, 'seabed': 2, 'area': 1, 'part': 1, 'under': 1, 'isa': 1, 'jurisdiction': 2, 'defined': 1, 'ocean': 2, 'floor': 1, 'subsoil': 1, 'thereof': 1, 'beyond': 1, 'limits': 1, 'national': 1, 'includes': 1, 'vast': 1, 'expanse': 1, 'space': 1, 'territory': 1, 'maritime': 1, 'zones': 1, 'covering': 1, 'about': 1, 'cent': 1, 'world': 1, 'oceans': 1}",international seabed: The **international seabed** area – the part under ISA jurisdiction,"about, area, beyond, cent, covering, defined, expanse, floor, includes, international, isa, jurisdiction, limits, maritime, national, ocean, oceans, part, seabed, space, subsoil, territory, thereof, under, vast, world, zones",['The Area'],The Area,{'The Area': ['international seabed']},The Area: matched international seabed (string match + KWIC),1,"URLs removed; text lowercased; non‑alphanumerics stripped; stopwords removed. Keywords extracted and frequencies computed. Candidate Spatial Jurisdiction categories identified via lexical phrase matches (UNCLOS‑relevant terms) and validated with KWIC snippets. Includes consolidated keywords, triggers, mapping rationale, and ordinal breadth score (0–10)."
United Nations Environment Programme (UNEP),"The UNEP Secretariat’s authority is global, covering the marine and coastal environment of all regions and subregions of the world (http://undocs.org/en/a/res/2997(XXVII).","unep, secretariat, authority, global, covering, marine, coastal, environment, all, regions, subregions, world","{'unep': 1, 'secretariat': 1, 'authority': 1, 'global': 1, 'covering': 1, 'marine': 1, 'coastal': 1, 'environment': 1, 'all': 1, 'regions': 1, 'subregions': 1, 'world': 1}",,"all, authority, coastal, covering, environment, global, marine, regions, secretariat, subregions, unep, world",[],,{},,0,"URLs removed; text lowercased; non‑alphanumerics stripped; stopwords removed. Keywords extracted and frequencies computed. Candidate Spatial Jurisdiction categories identified via lexical phrase matches (UNCLOS‑relevant terms) and validated with KWIC snippets. Includes consolidated keywords, triggers, mapping rationale, and ordinal breadth score (0–10)."
United Nations Development Programme (UNDP),"UNDP's jurisdiction is global, operating in more than 170 countries and territories that cut across diverse political and economic zones with particular focus on low-income and middle-income nations and regions within Africa, Asia, Europe, Latin America, and the Caribbean (https://www.undp.org/). However, the UNDP does not have specific jurisdiction over oceans, maritime zones, or territorial waters. Its authority is not limited to exclusive economic or political zones, contiguous zones, territorial seas, or inland waters within state waters. Instead, its focus is on sustainable development across all territories of its member states.","undp, jurisdiction, global, operating, more, than, 170, countries, territories, cut, diverse, political, economic, zones, particular, focus, low, income, middle, income, nations, regions, africa, asia, europe, latin, america, caribbean, however, undp, does, not, specific, jurisdiction, over, oceans, maritime, zones, territorial, waters, authority, not, limited, exclusive, economic, political, zones, contiguous, zones, territorial, seas, inland, waters, state, waters, instead, focus, sustainable, development, all, territories, member, states","{'undp': 2, 'jurisdiction': 2, 'global': 1, 'operating': 1, 'more': 1, 'than': 1, '170': 1, 'countries': 1, 'territories': 2, 'cut': 1, 'diverse': 1, 'political': 2, 'economic': 2, 'zones': 4, 'particular': 1, 'focus': 2, 'low': 1, 'income': 2, 'middle': 1, 'nations': 1, 'regions': 1, 'africa': 1, 'asia': 1, 'europe': 1, 'latin': 1, 'america': 1, 'caribbean': 1, 'however': 1, 'does': 1, 'not': 2, 'specific': 1, 'over': 1, 'oceans': 1, 'maritime': 1, 'territorial': 2, 'waters': 3, 'authority': 1, 'limited': 1, 'exclusive': 1, 'contiguous': 1, 'seas': 1, 'inland': 1, 'state': 1, 'instead': 1, 'sustainable': 1, 'development': 1, 'all': 1, 'member': 1, 'states': 1}","inland waters: contiguous zones, territorial seas, or **inland waters** within state waters. Instead, its focus; territorial sea: c or political zones, contiguous zones, **territorial sea**s, or inland waters within state waters.; territorial waters: diction over oceans, maritime zones, or **territorial waters**. Its authority is not limited to exclus; contiguous zone: exclusive economic or political zones, **contiguous zone**s, territorial seas, or inland waters wi","170, africa, all, america, asia, authority, caribbean, contiguous, countries, cut, development, diverse, does, economic, europe, exclusive, focus, global, however, income, inland, instead, jurisdiction, latin, limited, low, maritime, member, middle, more, nations, not, oceans, operating, over, particular, political, regions, seas, specific, state, states, sustainable, territorial, territories, than, undp, waters, zones","['Internal Waters (IW)', 'Territorial Sea (TS)', 'Contiguous Zone (CZ)']",Internal Waters (IW); Territorial Sea (TS); Contiguous Zone (CZ),"{'Internal Waters (IW)': ['inland waters'], 'Territorial Sea (TS)': ['territorial sea', 'territorial waters'], 'Contiguous Zone (CZ)': ['contiguous zone']}","Internal Waters (IW): matched inland waters (string match + KWIC) | Territorial Sea (TS): matched territorial sea, territorial waters (string match + KWIC) | Contiguous Zone (CZ): matched contiguous zone (string match + KWIC)",3,"URLs removed; text lowercased; non‑alphanumerics stripped; stopwords removed. Keywords extracted and frequencies computed. Candidate Spatial Jurisdiction categories identified via lexical phrase matches (UNCLOS‑relevant terms) and validated with KWIC snippets. Includes consolidated keywords, triggers, mapping rationale, and ordinal breadth score (0–10)."
United Nations Conference on Trade and Development (UNCTAD),"The UNCTAD Secretariat’s authority is not limited to a specific geographical area, but rather covers the entire field of trade and related problems of economic development, as stated in paragraph 3 (a) of the UNGA Resolution A/RES/1995(XIX) (https://digitallibrary.un.org/record/203700/files/A_RES_1995%28XIX%29-ES.pdf?ln=en)","unctad, secretariat, authority, not, limited, specific, geographical, area, but, rather, covers, entire, field, trade, related, problems, economic, development, stated, paragraph, unga, resolution, res, 1995, xix","{'unctad': 1, 'secretariat': 1, 'authority': 1, 'not': 1, 'limited': 1, 'specific': 1, 'geographical': 1, 'area': 1, 'but': 1, 'rather': 1, 'covers': 1, 'entire': 1, 'field': 1, 'trade': 1, 'related': 1, 'problems': 1, 'economic': 1, 'development': 1, 'stated': 1, 'paragraph': 1, 'unga': 1, 'resolution': 1, 'res': 1, '1995': 1, 'xix': 1}",,"1995, area, authority, but, covers, development, economic, entire, field, geographical, limited, not, paragraph, problems, rather, related, res, resolution, secretariat, specific, stated, trade, unctad, unga, xix",[],,{},,0,"URLs removed; text lowercased; non‑alphanumerics stripped; stopwords removed. Keywords extracted and frequencies computed. Candidate Spatial Jurisdiction categories identified via lexical phrase matches (UNCLOS‑relevant terms) and validated with KWIC snippets. Includes consolidated keywords, triggers, mapping rationale, and ordinal breadth score (0–10)."
"United Nations Industrial Development Organization (UNIDO),","UNIDO’s jurisdiction is global, encompassing the industrial development of its member states and regions. This includes a focus on developing countries and countries with economies in transition, with authority extending to the promotion and acceleration of industrial cooperation among these states, covering key sectors and technologies (https://www.unido.org/sites/default/files/files/2020-11/19-12162_UNIDO_Constitution_ebook.pdf).","unido, jurisdiction, global, encompassing, industrial, development, member, states, regions, includes, focus, developing, countries, countries, economies, transition, authority, extending, promotion, acceleration, industrial, cooperation, states, covering, key, sectors, technologies","{'unido': 1, 'jurisdiction': 1, 'global': 1, 'encompassing': 1, 'industrial': 2, 'development': 1, 'member': 1, 'states': 2, 'regions': 1, 'includes': 1, 'focus': 1, 'developing': 1, 'countries': 2, 'economies': 1, 'transition': 1, 'authority': 1, 'extending': 1, 'promotion': 1, 'acceleration': 1, 'cooperation': 1, 'covering': 1, 'key': 1, 'sectors': 1, 'technologies': 1}",,"acceleration, authority, cooperation, countries, covering, developing, development, economies, encompassing, extending, focus, global, includes, industrial, jurisdiction, key, member, promotion, regions, sectors, states, technologies, transition, unido",[],,{},,0,"URLs removed; text lowercased; non‑alphanumerics stripped; stopwords removed. Keywords extracted and frequencies computed. Candidate Spatial Jurisdiction categories identified via lexical phrase matches (UNCLOS‑relevant terms) and validated with KWIC snippets. Includes consolidated keywords, triggers, mapping rationale, and ordinal breadth score (0–10)."
International Labour Organization (ILO),"ILO's authority is global, covering the labour standards and rights of its member states. This includes a focus on countries, territories and areas within the UN system, with authority reaching up to the national laws and policies of these states, respecting their sovereignty and diversity. The ILO also cooperates with regional and subregional organizations to promote decent work and social justice (https://www.ilo.org/wcmsp5/groups/public/---asia/---ro-bangkok/---ilo-hanoi/documents/publication/wcms_818973.pdf).
","ilo, authority, global, covering, labour, standards, rights, member, states, includes, focus, countries, territories, areas, system, authority, reaching, national, laws, policies, states, respecting, sovereignty, diversity, ilo, cooperates, regional, subregional, organizations, promote, decent, work, social, justice","{'ilo': 2, 'authority': 2, 'global': 1, 'covering': 1, 'labour': 1, 'standards': 1, 'rights': 1, 'member': 1, 'states': 2, 'includes': 1, 'focus': 1, 'countries': 1, 'territories': 1, 'areas': 1, 'system': 1, 'reaching': 1, 'national': 1, 'laws': 1, 'policies': 1, 'respecting': 1, 'sovereignty': 1, 'diversity': 1, 'cooperates': 1, 'regional': 1, 'subregional': 1, 'organizations': 1, 'promote': 1, 'decent': 1, 'work': 1, 'social': 1, 'justice': 1}",,"areas, authority, cooperates, countries, covering, decent, diversity, focus, global, ilo, includes, justice, labour, laws, member, national, organizations, policies, promote, reaching, regional, respecting, rights, social, sovereignty, standards, states, subregional, system, territories, work",[],,{},,0,"URLs removed; text lowercased; non‑alphanumerics stripped; stopwords removed. Keywords extracted and frequencies computed. Candidate Spatial Jurisdiction categories identified via lexical phrase matches (UNCLOS‑relevant terms) and validated with KWIC snippets. Includes consolidated keywords, triggers, mapping rationale, and ordinal breadth score (0–10)."
 International Telecommunication Union (ITU),"ITU's geographical area is not confined to a specific ocean or region, but rather covers the whole world. This includes coordinating the global use of the radio spectrum, satellite orbits, and telecommunication standards,  based on the international treaties and agreements that its member states have ratified, as well as the ITU Constitution and Convention (https://www.itu.int/en/council/Documents/basic-texts/Constitution-E.pdf).","itu, geographical, area, not, confined, specific, ocean, region, but, rather, covers, whole, world, includes, coordinating, global, use, radio, spectrum, satellite, orbits, telecommunication, standards, based, international, treaties, agreements, member, states, ratified, well, itu, constitution, convention","{'itu': 2, 'geographical': 1, 'area': 1, 'not': 1, 'confined': 1, 'specific': 1, 'ocean': 1, 'region': 1, 'but': 1, 'rather': 1, 'covers': 1, 'whole': 1, 'world': 1, 'includes': 1, 'coordinating': 1, 'global': 1, 'use': 1, 'radio': 1, 'spectrum': 1, 'satellite': 1, 'orbits': 1, 'telecommunication': 1, 'standards': 1, 'based': 1, 'international': 1, 'treaties': 1, 'agreements': 1, 'member': 1, 'states': 1, 'ratified': 1, 'well': 1, 'constitution': 1, 'convention': 1}",,"agreements, area, based, but, confined, constitution, convention, coordinating, covers, geographical, global, includes, international, itu, member, not, ocean, orbits, radio, rather, ratified, region, satellite, specific, spectrum, standards, states, telecommunication, treaties, use, well, whole, world",[],,{},,0,"URLs removed; text lowercased; non‑alphanumerics stripped; stopwords removed. Keywords extracted and frequencies computed. Candidate Spatial Jurisdiction categories identified via lexical phrase matches (UNCLOS‑relevant terms) and validated with KWIC snippets. Includes consolidated keywords, triggers, mapping rationale, and ordinal breadth score (0–10)."
United Nations Children’s Fund (UNICEF) ,"UNICEF’s authority is global, covering over 190 countries and territories across all continents and oceans to uphold the rights of every child, regardless of their location, nationality, or situation. UNICEF has no specific distance or boundary within its jurisdiction, as it operates in accordance with the United Nations Charter and the Convention on the Rights of the Child (https://www.unicef.org/media/52626/file).","unicef, authority, global, covering, over, 190, countries, territories, all, continents, oceans, uphold, rights, every, child, regardless, location, nationality, situation, unicef, specific, distance, boundary, jurisdiction, operates, accordance, united, nations, charter, convention, rights, child","{'unicef': 2, 'authority': 1, 'global': 1, 'covering': 1, 'over': 1, '190': 1, 'countries': 1, 'territories': 1, 'all': 1, 'continents': 1, 'oceans': 1, 'uphold': 1, 'rights': 2, 'every': 1, 'child': 2, 'regardless': 1, 'location': 1, 'nationality': 1, 'situation': 1, 'specific': 1, 'distance': 1, 'boundary': 1, 'jurisdiction': 1, 'operates': 1, 'accordance': 1, 'united': 1, 'nations': 1, 'charter': 1, 'convention': 1}",,"190, accordance, all, authority, boundary, charter, child, continents, convention, countries, covering, distance, every, global, jurisdiction, location, nationality, nations, oceans, operates, over, regardless, rights, situation, specific, territories, unicef, united, uphold",[],,{},,0,"URLs removed; text lowercased; non‑alphanumerics stripped; stopwords removed. Keywords extracted and frequencies computed. Candidate Spatial Jurisdiction categories identified via lexical phrase matches (UNCLOS‑relevant terms) and validated with KWIC snippets. Includes consolidated keywords, triggers, mapping rationale, and ordinal breadth score (0–10)."
World Health Organization (WHO) ,"WHO’s jurisdiction is global, encompassing the land and sea areas of its member states. This includes a focus on countries and regions within the six WHO regions, with authority extending to the whole territory of these states, covering key health issues and challenges (https://www.who.int/about/who-we-are/regional-offices).","who, jurisdiction, global, encompassing, land, sea, areas, member, states, includes, focus, countries, regions, six, who, regions, authority, extending, whole, territory, states, covering, key, health, issues, challenges","{'who': 2, 'jurisdiction': 1, 'global': 1, 'encompassing': 1, 'land': 1, 'sea': 1, 'areas': 1, 'member': 1, 'states': 2, 'includes': 1, 'focus': 1, 'countries': 1, 'regions': 2, 'six': 1, 'authority': 1, 'extending': 1, 'whole': 1, 'territory': 1, 'covering': 1, 'key': 1, 'health': 1, 'issues': 1, 'challenges': 1}",,"areas, authority, challenges, countries, covering, encompassing, extending, focus, global, health, includes, issues, jurisdiction, key, land, member, regions, sea, six, states, territory, who, whole",[],,{},,0,"URLs removed; text lowercased; non‑alphanumerics stripped; stopwords removed. Keywords extracted and frequencies computed. Candidate Spatial Jurisdiction categories identified via lexical phrase matches (UNCLOS‑relevant terms) and validated with KWIC snippets. Includes consolidated keywords, triggers, mapping rationale, and ordinal breadth score (0–10)."
"Commissioner for Refugees (UNHCR), and the Office of the United Nations High Commissioner for Human Rights (OHCHR)","OHCHR's authority is global, encompassing the human rights of all people in all countries and territories.  OHCHR's authority is not limited by any specific distance or boundary, but by the principles and standards of international human rights law (https://www.ohchr.org/en/about-us/high-commissioner).","ohchr, authority, global, encompassing, human, rights, all, people, all, countries, territories, ohchr, authority, not, limited, any, specific, distance, boundary, but, principles, standards, international, human, rights, law","{'ohchr': 2, 'authority': 2, 'global': 1, 'encompassing': 1, 'human': 2, 'rights': 2, 'all': 2, 'people': 1, 'countries': 1, 'territories': 1, 'not': 1, 'limited': 1, 'any': 1, 'specific': 1, 'distance': 1, 'boundary': 1, 'but': 1, 'principles': 1, 'standards': 1, 'international': 1, 'law': 1}",,"all, any, authority, boundary, but, countries, distance, encompassing, global, human, international, law, limited, not, ohchr, people, principles, rights, specific, standards, territories",[],,{},,0,"URLs removed; text lowercased; non‑alphanumerics stripped; stopwords removed. Keywords extracted and frequencies computed. Candidate Spatial Jurisdiction categories identified via lexical phrase matches (UNCLOS‑relevant terms) and validated with KWIC snippets. Includes consolidated keywords, triggers, mapping rationale, and ordinal breadth score (0–10)."
United Nations Office for Disaster Risk Reduction (UNDRR),"UNDRR's jurisdiction is global, covering all regions and countries that are exposed to disaster risk and losses (https://www.undrr.org/about-undrr/where-we-work). This includes a focus on least developed countries and small island developing states, with authority reaching up to the low water mark of these states, covering key coastal and inland areas and communities (https://www.undrr.org/disaster-risk-reduction-least-developed-countries).","undrr, jurisdiction, global, covering, all, regions, countries, exposed, disaster, risk, losses, includes, focus, least, developed, countries, small, island, developing, states, authority, reaching, low, water, mark, states, covering, key, coastal, inland, areas, communities","{'undrr': 1, 'jurisdiction': 1, 'global': 1, 'covering': 2, 'all': 1, 'regions': 1, 'countries': 2, 'exposed': 1, 'disaster': 1, 'risk': 1, 'losses': 1, 'includes': 1, 'focus': 1, 'least': 1, 'developed': 1, 'small': 1, 'island': 1, 'developing': 1, 'states': 2, 'authority': 1, 'reaching': 1, 'low': 1, 'water': 1, 'mark': 1, 'key': 1, 'coastal': 1, 'inland': 1, 'areas': 1, 'communities': 1}",,"all, areas, authority, coastal, communities, countries, covering, developed, developing, disaster, exposed, focus, global, includes, inland, island, jurisdiction, key, least, losses, low, mark, reaching, regions, risk, small, states, undrr, water",[],,{},,0,"URLs removed; text lowercased; non‑alphanumerics stripped; stopwords removed. Keywords extracted and frequencies computed. Candidate Spatial Jurisdiction categories identified via lexical phrase matches (UNCLOS‑relevant terms) and validated with KWIC snippets. Includes consolidated keywords, triggers, mapping rationale, and ordinal breadth score (0–10)."
UN Global Compact Office,"The UN Global Compact's authority is global, covering all ocean spaces and maritime zones, as well as the adjacent coastal areas and inland waters of its signatory states (https://documents-dds-ny.un.org/doc/UNDOC/GEN/N18/463/65/PDF/N1846365.pdf?OpenElement). ","global, compact, authority, global, covering, all, ocean, spaces, maritime, zones, well, adjacent, coastal, areas, inland, waters, signatory, states","{'global': 2, 'compact': 1, 'authority': 1, 'covering': 1, 'all': 1, 'ocean': 1, 'spaces': 1, 'maritime': 1, 'zones': 1, 'well': 1, 'adjacent': 1, 'coastal': 1, 'areas': 1, 'inland': 1, 'waters': 1, 'signatory': 1, 'states': 1}",inland waters: well as the adjacent coastal areas and **inland waters** of its signatory states (https://docume,"adjacent, all, areas, authority, coastal, compact, covering, global, inland, maritime, ocean, signatory, spaces, states, waters, well, zones",['Internal Waters (IW)'],Internal Waters (IW),{'Internal Waters (IW)': ['inland waters']},Internal Waters (IW): matched inland waters (string match + KWIC),1,"URLs removed; text lowercased; non‑alphanumerics stripped; stopwords removed. Keywords extracted and frequencies computed. Candidate Spatial Jurisdiction categories identified via lexical phrase matches (UNCLOS‑relevant terms) and validated with KWIC snippets. Includes consolidated keywords, triggers, mapping rationale, and ordinal breadth score (0–10)."
International Atomic Energy Agency (IAEA),"The IAEA's authority is global, encompassing the nuclear activities and facilities of its member states (https://www.iaea.org/about/governance/list-of-member-states). This includes a focus on states that have signed the Treaty on the Non-Proliferation of Nuclear Weapons (NPT), with authority extending to all peaceful and military nuclear activities, materials, and equipment within these states, covering key nuclear safety and security issues (https://treaties.unoda.org/t/npt/participants).","iaea, authority, global, encompassing, nuclear, activities, facilities, member, states, includes, focus, states, signed, treaty, non, proliferation, nuclear, weapons, npt, authority, extending, all, peaceful, military, nuclear, activities, materials, equipment, states, covering, key, nuclear, safety, security, issues","{'iaea': 1, 'authority': 2, 'global': 1, 'encompassing': 1, 'nuclear': 4, 'activities': 2, 'facilities': 1, 'member': 1, 'states': 3, 'includes': 1, 'focus': 1, 'signed': 1, 'treaty': 1, 'non': 1, 'proliferation': 1, 'weapons': 1, 'npt': 1, 'extending': 1, 'all': 1, 'peaceful': 1, 'military': 1, 'materials': 1, 'equipment': 1, 'covering': 1, 'key': 1, 'safety': 1, 'security': 1, 'issues': 1}",,"activities, all, authority, covering, encompassing, equipment, extending, facilities, focus, global, iaea, includes, issues, key, materials, member, military, non, npt, nuclear, peaceful, proliferation, safety, security, signed, states, treaty, weapons",[],,{},,0,"URLs removed; text lowercased; non‑alphanumerics stripped; stopwords removed. Keywords extracted and frequencies computed. Candidate Spatial Jurisdiction categories identified via lexical phrase matches (UNCLOS‑relevant terms) and validated with KWIC snippets. Includes consolidated keywords, triggers, mapping rationale, and ordinal breadth score (0–10)."
World Meteorological Organization (WMO),"WMO's jurisdiction is global, encompassing the weather, climate, and water resources of its member states and territories. WMO's authority covers the atmospheric, oceanic, and terrestrial domains, as well as the interfaces between them, with the aim of providing scientific information and services to protect life and property (https://wmo.int/about-wmo/overview).","wmo, jurisdiction, global, encompassing, weather, climate, water, resources, member, states, territories, wmo, authority, covers, atmospheric, oceanic, terrestrial, domains, well, interfaces, between, them, aim, providing, scientific, information, services, protect, life, property","{'wmo': 2, 'jurisdiction': 1, 'global': 1, 'encompassing': 1, 'weather': 1, 'climate': 1, 'water': 1, 'resources': 1, 'member': 1, 'states': 1, 'territories': 1, 'authority': 1, 'covers': 1, 'atmospheric': 1, 'oceanic': 1, 'terrestrial': 1, 'domains': 1, 'well': 1, 'interfaces': 1, 'between': 1, 'them': 1, 'aim': 1, 'providing': 1, 'scientific': 1, 'information': 1, 'services': 1, 'protect': 1, 'life': 1, 'property': 1}",,"aim, atmospheric, authority, between, climate, covers, domains, encompassing, global, information, interfaces, jurisdiction, life, member, oceanic, property, protect, providing, resources, scientific, services, states, terrestrial, territories, them, water, weather, well, wmo",[],,{},,0,"URLs removed; text lowercased; non‑alphanumerics stripped; stopwords removed. Keywords extracted and frequencies computed. Candidate Spatial Jurisdiction categories identified via lexical phrase matches (UNCLOS‑relevant terms) and validated with KWIC snippets. Includes consolidated keywords, triggers, mapping rationale, and ordinal breadth score (0–10)."
Organisation for Economic Co-operation and Development (OECD),"The OECD's jurisdiction is global, encompassing the economic zones of its 38 member countries (https://www.oecd.org/newsroom/oecd-welcomes-costa-rica-as-its-38th-member.htm#:~:text=The%20OECD's%2038%20members%20are,Norway%2C%20Poland%2C%20Portugal%2C%20Slovak). The OECD does not have specific authority over maritime zones or territorial waters, but rather, its influence is primarily on key global issues at national, regional and local levels (https://www.oecd.org/about/members-and-partners/).","oecd, jurisdiction, global, encompassing, economic, zones, member, countries, oecd, does, not, specific, authority, over, maritime, zones, territorial, waters, but, rather, influence, primarily, key, global, issues, national, regional, local, levels","{'oecd': 2, 'jurisdiction': 1, 'global': 2, 'encompassing': 1, 'economic': 1, 'zones': 2, 'member': 1, 'countries': 1, 'does': 1, 'not': 1, 'specific': 1, 'authority': 1, 'over': 1, 'maritime': 1, 'territorial': 1, 'waters': 1, 'but': 1, 'rather': 1, 'influence': 1, 'primarily': 1, 'key': 1, 'issues': 1, 'national': 1, 'regional': 1, 'local': 1, 'levels': 1}","territorial waters: ecific authority over maritime zones or **territorial waters**, but rather, its influence is primarily","authority, but, countries, does, economic, encompassing, global, influence, issues, jurisdiction, key, levels, local, maritime, member, national, not, oecd, over, primarily, rather, regional, specific, territorial, waters, zones",['Territorial Sea (TS)'],Territorial Sea (TS),{'Territorial Sea (TS)': ['territorial waters']},Territorial Sea (TS): matched territorial waters (string match + KWIC),1,"URLs removed; text lowercased; non‑alphanumerics stripped; stopwords removed. Keywords extracted and frequencies computed. Candidate Spatial Jurisdiction categories identified via lexical phrase matches (UNCLOS‑relevant terms) and validated with KWIC snippets. Includes consolidated keywords, triggers, mapping rationale, and ordinal breadth score (0–10)."
 World Bank Group (WBG) ,"The WBG does not have specific authority over maritime zones or territorial waters but rather covers economic and political regions such as Africa, East Asia and Pacific, Europe and Central Asia, Latin America and the Caribbean, Middle East and North Africa, and South Asia with activities and presence in more than 189 member countries (https://www.worldbank.org/en/where-we-work). The WBG's regional presence is determined by its borrowing and non-borrowing member countries, and by its strategic priorities for development in each region and sector (https://documents1.worldbank.org/curated/en/896931468189267370/pdf/The-World-Bank-Group-A-to-Z-2016.pdf).","wbg, does, not, specific, authority, over, maritime, zones, territorial, waters, but, rather, covers, economic, political, regions, africa, east, asia, pacific, europe, central, asia, latin, america, caribbean, middle, east, north, africa, south, asia, activities, presence, more, than, 189, member, countries, wbg, regional, presence, determined, borrowing, non, borrowing, member, countries, strategic, priorities, development, each, region, sector","{'wbg': 2, 'does': 1, 'not': 1, 'specific': 1, 'authority': 1, 'over': 1, 'maritime': 1, 'zones': 1, 'territorial': 1, 'waters': 1, 'but': 1, 'rather': 1, 'covers': 1, 'economic': 1, 'political': 1, 'regions': 1, 'africa': 2, 'east': 2, 'asia': 3, 'pacific': 1, 'europe': 1, 'central': 1, 'latin': 1, 'america': 1, 'caribbean': 1, 'middle': 1, 'north': 1, 'south': 1, 'activities': 1, 'presence': 2, 'more': 1, 'than': 1, '189': 1, 'member': 2, 'countries': 2, 'regional': 1, 'determined': 1, 'borrowing': 2, 'non': 1, 'strategic': 1, 'priorities': 1, 'development': 1, 'each': 1, 'region': 1, 'sector': 1}",territorial waters: ecific authority over maritime zones or **territorial waters** but rather covers economic and politica,"189, activities, africa, america, asia, authority, borrowing, but, caribbean, central, countries, covers, determined, development, does, each, east, economic, europe, latin, maritime, member, middle, more, non, north, not, over, pacific, political, presence, priorities, rather, region, regional, regions, sector, south, specific, strategic, territorial, than, waters, wbg, zones",['Territorial Sea (TS)'],Territorial Sea (TS),{'Territorial Sea (TS)': ['territorial waters']},Territorial Sea (TS): matched territorial waters (string match + KWIC),1,"URLs removed; text lowercased; non‑alphanumerics stripped; stopwords removed. Keywords extracted and frequencies computed. Candidate Spatial Jurisdiction categories identified via lexical phrase matches (UNCLOS‑relevant terms) and validated with KWIC snippets. Includes consolidated keywords, triggers, mapping rationale, and ordinal breadth score (0–10)."
International Monetary Fund (IMF),"The IMF does not have specific authority over maritime zones or territorial waters but rather covers global economic and political zones with 190 member countries and six regional offices through which it coordinates its activities (https://www.imf.org/en/About). Regional coverage of IMF's activities is guided by economic outlook reports which discuss recent economic developments and prospects for countries in different regions, as well as policy challenges and recommendations (https://www.imf.org/en/publications/reo). ","imf, does, not, specific, authority, over, maritime, zones, territorial, waters, but, rather, covers, global, economic, political, zones, 190, member, countries, six, regional, offices, coordinates, activities, regional, coverage, imf, activities, guided, economic, outlook, reports, discuss, recent, economic, developments, prospects, countries, different, regions, well, policy, challenges, recommendations","{'imf': 2, 'does': 1, 'not': 1, 'specific': 1, 'authority': 1, 'over': 1, 'maritime': 1, 'zones': 2, 'territorial': 1, 'waters': 1, 'but': 1, 'rather': 1, 'covers': 1, 'global': 1, 'economic': 3, 'political': 1, '190': 1, 'member': 1, 'countries': 2, 'six': 1, 'regional': 2, 'offices': 1, 'coordinates': 1, 'activities': 2, 'coverage': 1, 'guided': 1, 'outlook': 1, 'reports': 1, 'discuss': 1, 'recent': 1, 'developments': 1, 'prospects': 1, 'different': 1, 'regions': 1, 'well': 1, 'policy': 1, 'challenges': 1, 'recommendations': 1}",territorial waters: ecific authority over maritime zones or **territorial waters** but rather covers global economic and p,"190, activities, authority, but, challenges, coordinates, countries, coverage, covers, developments, different, discuss, does, economic, global, guided, imf, maritime, member, not, offices, outlook, over, policy, political, prospects, rather, recent, recommendations, regional, regions, reports, six, specific, territorial, waters, well, zones",['Territorial Sea (TS)'],Territorial Sea (TS),{'Territorial Sea (TS)': ['territorial waters']},Territorial Sea (TS): matched territorial waters (string match + KWIC),1,"URLs removed; text lowercased; non‑alphanumerics stripped; stopwords removed. Keywords extracted and frequencies computed. Candidate Spatial Jurisdiction categories identified via lexical phrase matches (UNCLOS‑relevant terms) and validated with KWIC snippets. Includes consolidated keywords, triggers, mapping rationale, and ordinal breadth score (0–10)."
International Hydrographic Organization (IHO) ,"IHO’s global jurisdiction represents the hydrographic interests of its 99 member states. IHO’s authority covers all the world’s seas, oceans and navigable waters, including the exclusive economic zones (EEZs), territorial seas, continental shelves, and inland waters of its members, as well as the international boundaries and limits of these zones. IHO’s jurisdiction extends from the coastlines' low water mark to the marine environment's outermost reaches (https://iho.int/uploads/user/pubs/misc/M1_Separatedocs/Convention_new_EN.pdf).","iho, global, jurisdiction, represents, hydrographic, interests, member, states, iho, authority, covers, all, world, seas, oceans, navigable, waters, exclusive, economic, zones, eezs, territorial, seas, continental, shelves, inland, waters, members, well, international, boundaries, limits, zones, iho, jurisdiction, extends, coastlines, low, water, mark, marine, environment, outermost, reaches","{'iho': 3, 'global': 1, 'jurisdiction': 2, 'represents': 1, 'hydrographic': 1, 'interests': 1, 'member': 1, 'states': 1, 'authority': 1, 'covers': 1, 'all': 1, 'world': 1, 'seas': 2, 'oceans': 1, 'navigable': 1, 'waters': 2, 'exclusive': 1, 'economic': 1, 'zones': 2, 'eezs': 1, 'territorial': 1, 'continental': 1, 'shelves': 1, 'inland': 1, 'members': 1, 'well': 1, 'international': 1, 'boundaries': 1, 'limits': 1, 'extends': 1, 'coastlines': 1, 'low': 1, 'water': 1, 'mark': 1, 'marine': 1, 'environment': 1, 'outermost': 1, 'reaches': 1}","inland waters: ritorial seas, continental shelves, and **inland waters** of its members, as well as the internat; coastline: es. IHO’s jurisdiction extends from the **coastline**s' low water mark to the marine environm; territorial sea: ng the exclusive economic zones (EEZs), **territorial sea**s, continental shelves, and inland water; exclusive economic zone: ans and navigable waters, including the **exclusive economic zone**s (EEZs), territorial seas, continental; eez: including the exclusive economic zones (**EEZ**s), territorial seas, continental shelve","all, authority, boundaries, coastlines, continental, covers, economic, eezs, environment, exclusive, extends, global, hydrographic, iho, inland, interests, international, jurisdiction, limits, low, marine, mark, member, members, navigable, oceans, outermost, reaches, represents, seas, shelves, states, territorial, water, waters, well, world, zones","['Internal Waters (IW)', 'Coastal Zone', 'Territorial Sea (TS)', 'Exclusive Economic Zone (EEZ)']",Internal Waters (IW); Coastal Zone; Territorial Sea (TS); Exclusive Economic Zone (EEZ),"{'Internal Waters (IW)': ['inland waters'], 'Coastal Zone': ['coastline'], 'Territorial Sea (TS)': ['territorial sea'], 'Exclusive Economic Zone (EEZ)': ['exclusive economic zone', 'eez']}","Internal Waters (IW): matched inland waters (string match + KWIC) | Coastal Zone: matched coastline (string match + KWIC) | Territorial Sea (TS): matched territorial sea (string match + KWIC) | Exclusive Economic Zone (EEZ): matched exclusive economic zone, eez (string match + KWIC)",4,"URLs removed; text lowercased; non‑alphanumerics stripped; stopwords removed. Keywords extracted and frequencies computed. Candidate Spatial Jurisdiction categories identified via lexical phrase matches (UNCLOS‑relevant terms) and validated with KWIC snippets. Includes consolidated keywords, triggers, mapping rationale, and ordinal breadth score (0–10)."
 International Council for the Exploration of the Sea (ICES),"The International Council for the Exploration of the Sea (ICES) has a broad area of competence, primarily focusing on the Atlantic Ocean and its adjacent seas, with an emphasis on the North Atlantic (https://www.ices.dk/about-ICES/who-we-are/Documents/ICES_Convention_1964.pdf). While the exact delimitation of this area is not precisely defined, ICES's work has great relevance to all oceans, including areas beyond national jurisdiction (ABNJ) (https://www.un.org/bbnj/sites/www.un.org.bbnj/files/ices3.pdf). This suggests that ICES's authority may extend to the exclusive economic zones (EEZs) and territorial waters of its 20 member countries (https://meetings.pices.int/Publications/Presentations/PICES-2021/ICES-2021.pdf), covering key marine habitats and migratory routes.","international, council, exploration, sea, ices, broad, area, competence, primarily, focusing, atlantic, ocean, adjacent, seas, emphasis, north, atlantic, while, exact, delimitation, area, not, precisely, defined, ices, work, great, relevance, all, oceans, areas, beyond, national, jurisdiction, abnj, suggests, ices, authority, extend, exclusive, economic, zones, eezs, territorial, waters, member, countries, covering, key, marine, habitats, migratory, routes","{'international': 1, 'council': 1, 'exploration': 1, 'sea': 1, 'ices': 3, 'broad': 1, 'area': 2, 'competence': 1, 'primarily': 1, 'focusing': 1, 'atlantic': 2, 'ocean': 1, 'adjacent': 1, 'seas': 1, 'emphasis': 1, 'north': 1, 'while': 1, 'exact': 1, 'delimitation': 1, 'not': 1, 'precisely': 1, 'defined': 1, 'work': 1, 'great': 1, 'relevance': 1, 'all': 1, 'oceans': 1, 'areas': 1, 'beyond': 1, 'national': 1, 'jurisdiction': 1, 'abnj': 1, 'suggests': 1, 'authority': 1, 'extend': 1, 'exclusive': 1, 'economic': 1, 'zones': 1, 'eezs': 1, 'territorial': 1, 'waters': 1, 'member': 1, 'countries': 1, 'covering': 1, 'key': 1, 'marine': 1, 'habitats': 1, 'migratory': 1, 'routes': 1}",territorial waters: the exclusive economic zones (EEZs) and **territorial waters** of its 20 member countries (https://mee; exclusive economic zone: that ICES's authority may extend to the **exclusive economic zone**s (EEZs) and territorial waters of its 2; eez: extend to the exclusive economic zones (**EEZ**s) and territorial waters of its 20 memb; abnj: ing areas beyond national jurisdiction (**ABNJ**) (https://www.un.org/bbnj/sites/www.un.,"abnj, adjacent, all, area, areas, atlantic, authority, beyond, broad, competence, council, countries, covering, defined, delimitation, economic, eezs, emphasis, exact, exclusive, exploration, extend, focusing, great, habitats, ices, international, jurisdiction, key, marine, member, migratory, national, north, not, ocean, oceans, precisely, primarily, relevance, routes, sea, seas, suggests, territorial, waters, while, work, zones","['Territorial Sea (TS)', 'Exclusive Economic Zone (EEZ)', 'The Area']",Territorial Sea (TS); Exclusive Economic Zone (EEZ); The Area,"{'Territorial Sea (TS)': ['territorial waters'], 'Exclusive Economic Zone (EEZ)': ['exclusive economic zone', 'eez'], 'The Area': ['abnj']}","Territorial Sea (TS): matched territorial waters (string match + KWIC) | Exclusive Economic Zone (EEZ): matched exclusive economic zone, eez (string match + KWIC) | The Area: matched abnj (string match + KWIC)",3,"URLs removed; text lowercased; non‑alphanumerics stripped; stopwords removed. Keywords extracted and frequencies computed. Candidate Spatial Jurisdiction categories identified via lexical phrase matches (UNCLOS‑relevant terms) and validated with KWIC snippets. Includes consolidated keywords, triggers, mapping rationale, and ordinal breadth score (0–10)."
The Intergovernmental Science-Policy Platform on Biodiversity and Ecosystem Services (IPBES),"Although no specific spatial coverage stated, the jurisdiction of IPBES covers global terrestrial, freshwater, coastal, and marine biodiversity, ecosystem functions, and ecosystem services through its periodic assessments of the state of biodiversity and ecosystem services worldwide (https://www.ipbes.net/regional-assessments), performing regular and timely assessments at regional and subregional levels. In 2015, IPBES launched four regional assessments for Africa, the Americas, Asia Pacific, and Europe and Central Asia (https://www.ipbes.net/regional-assessments).","although, specific, spatial, coverage, stated, jurisdiction, ipbes, covers, global, terrestrial, freshwater, coastal, marine, biodiversity, ecosystem, functions, ecosystem, services, periodic, assessments, state, biodiversity, ecosystem, services, worldwide, performing, regular, timely, assessments, regional, subregional, levels, 2015, ipbes, launched, four, regional, assessments, africa, americas, asia, pacific, europe, central, asia","{'although': 1, 'specific': 1, 'spatial': 1, 'coverage': 1, 'stated': 1, 'jurisdiction': 1, 'ipbes': 2, 'covers': 1, 'global': 1, 'terrestrial': 1, 'freshwater': 1, 'coastal': 1, 'marine': 1, 'biodiversity': 2, 'ecosystem': 3, 'functions': 1, 'services': 2, 'periodic': 1, 'assessments': 3, 'state': 1, 'worldwide': 1, 'performing': 1, 'regular': 1, 'timely': 1, 'regional': 2, 'subregional': 1, 'levels': 1, '2015': 1, 'launched': 1, 'four': 1, 'africa': 1, 'americas': 1, 'asia': 2, 'pacific': 1, 'europe': 1, 'central': 1}",,"2015, africa, although, americas, asia, assessments, biodiversity, central, coastal, coverage, covers, ecosystem, europe, four, freshwater, functions, global, ipbes, jurisdiction, launched, levels, marine, pacific, performing, periodic, regional, regular, services, spatial, specific, state, stated, subregional, terrestrial, timely, worldwide",[],,{},,0,"URLs removed; text lowercased; non‑alphanumerics stripped; stopwords removed. Keywords extracted and frequencies computed. Candidate Spatial Jurisdiction categories identified via lexical phrase matches (UNCLOS‑relevant terms) and validated with KWIC snippets. Includes consolidated keywords, triggers, mapping rationale, and ordinal breadth score (0–10)."
IPCC,"The IPCC's authority is global, covering all regions of the world and their climate systems (https://www.ipcc.ch/about/). This includes the atmosphere, the oceans, the cryosphere, the land surface and the biosphere. The IPCC does not have any legal or political jurisdiction over any specific area, but rather provides scientific assessments and guidance for governments and other stakeholders. The IPCC divides the world into 10 regions for its interactive atlas (https://interactive-atlas.ipcc.ch/regional-information/guidance), which shows the projected changes and impacts of climate change for each region based on different scenarios and models. The regions are: Africa, Asia, Australasia, Central and South America, Europe, Mountains, North and Central America, Polar Regions, Small Islands and Oceans.","ipcc, authority, global, covering, all, regions, world, climate, systems, includes, atmosphere, oceans, cryosphere, land, surface, biosphere, ipcc, does, not, any, legal, political, jurisdiction, over, any, specific, area, but, rather, provides, scientific, assessments, guidance, governments, stakeholders, ipcc, divides, world, regions, interactive, atlas, shows, projected, changes, impacts, climate, change, each, region, based, different, scenarios, models, regions, africa, asia, australasia, central, south, america, europe, mountains, north, central, america, polar, regions, small, islands, oceans","{'ipcc': 3, 'authority': 1, 'global': 1, 'covering': 1, 'all': 1, 'regions': 4, 'world': 2, 'climate': 2, 'systems': 1, 'includes': 1, 'atmosphere': 1, 'oceans': 2, 'cryosphere': 1, 'land': 1, 'surface': 1, 'biosphere': 1, 'does': 1, 'not': 1, 'any': 2, 'legal': 1, 'political': 1, 'jurisdiction': 1, 'over': 1, 'specific': 1, 'area': 1, 'but': 1, 'rather': 1, 'provides': 1, 'scientific': 1, 'assessments': 1, 'guidance': 1, 'governments': 1, 'stakeholders': 1, 'divides': 1, 'interactive': 1, 'atlas': 1, 'shows': 1, 'projected': 1, 'changes': 1, 'impacts': 1, 'change': 1, 'each': 1, 'region': 1, 'based': 1, 'different': 1, 'scenarios': 1, 'models': 1, 'africa': 1, 'asia': 1, 'australasia': 1, 'central': 2, 'south': 1, 'america': 2, 'europe': 1, 'mountains': 1, 'north': 1, 'polar': 1, 'small': 1, 'islands': 1}",,"africa, all, america, any, area, asia, assessments, atlas, atmosphere, australasia, authority, based, biosphere, but, central, change, changes, climate, covering, cryosphere, different, divides, does, each, europe, global, governments, guidance, impacts, includes, interactive, ipcc, islands, jurisdiction, land, legal, models, mountains, north, not, oceans, over, polar, political, projected, provides, rather, region, regions, scenarios, scientific, shows, small, south, specific, stakeholders, surface, systems, world",[],,{},,0,"URLs removed; text lowercased; non‑alphanumerics stripped; stopwords removed. Keywords extracted and frequencies computed. Candidate Spatial Jurisdiction categories identified via lexical phrase matches (UNCLOS‑relevant terms) and validated with KWIC snippets. Includes consolidated keywords, triggers, mapping rationale, and ordinal breadth score (0–10)."
World Trade Organization (WTO) ,"The World Trade Organization (WTO)'s jurisdiction is not limited to a specific geographical area, ocean space, territory, or maritime zones. Instead, as an intergovernmental organization that regulates and facilitates international trade it has a global reach, with 164 member states representing over 98% of global trade and global GDP (https://www.wto.org/english/thewto_e/whatis_e/tif_e/org6_e.htm). The WTO's authority extends to the trade practices within these member states, irrespective of their location or the extent of their territorial waters and exclusive economic zones. It does not exercise jurisdiction in the same way a state does as its main purpose is to reduce tariffs and other barriers to trade.","world, trade, organization, wto, jurisdiction, not, limited, specific, geographical, area, ocean, space, territory, maritime, zones, instead, intergovernmental, organization, regulates, facilitates, international, trade, global, reach, 164, member, states, representing, over, global, trade, global, gdp, wto, authority, extends, trade, practices, member, states, irrespective, location, extent, territorial, waters, exclusive, economic, zones, does, not, exercise, jurisdiction, same, way, state, does, main, purpose, reduce, tariffs, barriers, trade","{'world': 1, 'trade': 5, 'organization': 2, 'wto': 2, 'jurisdiction': 2, 'not': 2, 'limited': 1, 'specific': 1, 'geographical': 1, 'area': 1, 'ocean': 1, 'space': 1, 'territory': 1, 'maritime': 1, 'zones': 2, 'instead': 1, 'intergovernmental': 1, 'regulates': 1, 'facilitates': 1, 'international': 1, 'global': 3, 'reach': 1, '164': 1, 'member': 2, 'states': 2, 'representing': 1, 'over': 1, 'gdp': 1, 'authority': 1, 'extends': 1, 'practices': 1, 'irrespective': 1, 'location': 1, 'extent': 1, 'territorial': 1, 'waters': 1, 'exclusive': 1, 'economic': 1, 'does': 2, 'exercise': 1, 'same': 1, 'way': 1, 'state': 1, 'main': 1, 'purpose': 1, 'reduce': 1, 'tariffs': 1, 'barriers': 1}",territorial waters: f their location or the extent of their **territorial waters** and exclusive economic zones. It does n; exclusive economic zone: extent of their territorial waters and **exclusive economic zone**s. It does not exercise jurisdiction in,"164, area, authority, barriers, does, economic, exclusive, exercise, extends, extent, facilitates, gdp, geographical, global, instead, intergovernmental, international, irrespective, jurisdiction, limited, location, main, maritime, member, not, ocean, organization, over, practices, purpose, reach, reduce, regulates, representing, same, space, specific, state, states, tariffs, territorial, territory, trade, waters, way, world, wto, zones","['Territorial Sea (TS)', 'Exclusive Economic Zone (EEZ)']",Territorial Sea (TS); Exclusive Economic Zone (EEZ),"{'Territorial Sea (TS)': ['territorial waters'], 'Exclusive Economic Zone (EEZ)': ['exclusive economic zone']}",Territorial Sea (TS): matched territorial waters (string match + KWIC) | Exclusive Economic Zone (EEZ): matched exclusive economic zone (string match + KWIC),2,"URLs removed; text lowercased; non‑alphanumerics stripped; stopwords removed. Keywords extracted and frequencies computed. Candidate Spatial Jurisdiction categories identified via lexical phrase matches (UNCLOS‑relevant terms) and validated with KWIC snippets. Includes consolidated keywords, triggers, mapping rationale, and ordinal breadth score (0–10)."
"International Organization for Migration (IOM)

","IOM's jurisdiction is global, covering all the regions and countries where it operates and provides services and advice to governments and migrants. This includes a presence in over 100 countries, with 175 member states and 8 observer states (https://www.iom.int/member-states). IOM does not have a specific authority on oceans and maritime zones, but it works closely with other UN agencies and partners to address the challenges and opportunities of migration by sea, such as rescue operations, human trafficking, environmental issues, and regional cooperation (https://governingbodies.iom.int/iom-governing-bodies).","iom, jurisdiction, global, covering, all, regions, countries, where, operates, provides, services, advice, governments, migrants, includes, presence, over, 100, countries, 175, member, states, observer, states, iom, does, not, specific, authority, oceans, maritime, zones, but, works, closely, agencies, partners, address, challenges, opportunities, migration, sea, rescue, operations, human, trafficking, environmental, issues, regional, cooperation","{'iom': 2, 'jurisdiction': 1, 'global': 1, 'covering': 1, 'all': 1, 'regions': 1, 'countries': 2, 'where': 1, 'operates': 1, 'provides': 1, 'services': 1, 'advice': 1, 'governments': 1, 'migrants': 1, 'includes': 1, 'presence': 1, 'over': 1, '100': 1, '175': 1, 'member': 1, 'states': 2, 'observer': 1, 'does': 1, 'not': 1, 'specific': 1, 'authority': 1, 'oceans': 1, 'maritime': 1, 'zones': 1, 'but': 1, 'works': 1, 'closely': 1, 'agencies': 1, 'partners': 1, 'address': 1, 'challenges': 1, 'opportunities': 1, 'migration': 1, 'sea': 1, 'rescue': 1, 'operations': 1, 'human': 1, 'trafficking': 1, 'environmental': 1, 'issues': 1, 'regional': 1, 'cooperation': 1}",,"100, 175, address, advice, agencies, all, authority, but, challenges, closely, cooperation, countries, covering, does, environmental, global, governments, human, includes, iom, issues, jurisdiction, maritime, member, migrants, migration, not, observer, oceans, operates, operations, opportunities, over, partners, presence, provides, regional, regions, rescue, sea, services, specific, states, trafficking, where, works, zones",[],,{},,0,"URLs removed; text lowercased; non‑alphanumerics stripped; stopwords removed. Keywords extracted and frequencies computed. Candidate Spatial Jurisdiction categories identified via lexical phrase matches (UNCLOS‑relevant terms) and validated with KWIC snippets. Includes consolidated keywords, triggers, mapping rationale, and ordinal breadth score (0–10)."
United Nations Office for Project Services (UNOPS),"UNOPS's jurisdiction is global, covering all regions and countries where it implements infrastructure and procurement projects for the United Nations System, international financial institutions, governments and other partners (https://www.unops.org/project-locations). UNOPS does not have a specific authority on oceans and maritime zones, but it supports the efforts of its partners to protect the environment and enhance the resilience of communities to climate change.","unops, jurisdiction, global, covering, all, regions, countries, where, implements, infrastructure, procurement, projects, united, nations, system, international, financial, institutions, governments, partners, unops, does, not, specific, authority, oceans, maritime, zones, but, supports, efforts, partners, protect, environment, enhance, resilience, communities, climate, change","{'unops': 2, 'jurisdiction': 1, 'global': 1, 'covering': 1, 'all': 1, 'regions': 1, 'countries': 1, 'where': 1, 'implements': 1, 'infrastructure': 1, 'procurement': 1, 'projects': 1, 'united': 1, 'nations': 1, 'system': 1, 'international': 1, 'financial': 1, 'institutions': 1, 'governments': 1, 'partners': 2, 'does': 1, 'not': 1, 'specific': 1, 'authority': 1, 'oceans': 1, 'maritime': 1, 'zones': 1, 'but': 1, 'supports': 1, 'efforts': 1, 'protect': 1, 'environment': 1, 'enhance': 1, 'resilience': 1, 'communities': 1, 'climate': 1, 'change': 1}",,"all, authority, but, change, climate, communities, countries, covering, does, efforts, enhance, environment, financial, global, governments, implements, infrastructure, institutions, international, jurisdiction, maritime, nations, not, oceans, partners, procurement, projects, protect, regions, resilience, specific, supports, system, united, unops, where, zones",[],,{},,0,"URLs removed; text lowercased; non‑alphanumerics stripped; stopwords removed. Keywords extracted and frequencies computed. Candidate Spatial Jurisdiction categories identified via lexical phrase matches (UNCLOS‑relevant terms) and validated with KWIC snippets. Includes consolidated keywords, triggers, mapping rationale, and ordinal breadth score (0–10)."
UN Entity for Gender Equality and the Empowerment of Women (UN-Women),"UN-Women’s jurisdiction is global, encompassing all regions and countries where the United Nations operates. This includes a focus on conflict-affected and fragile states, where women’s rights and participation are often most at risk. UN Women does not have specific authority over ocean space, territory, or maritime zones, but rather works with governments, civil society, and other UN entities to promote gender equality and women’s empowerment in all spheres of life (https://www.unwomen.org/en/about-us/about-un-women).","women, jurisdiction, global, encompassing, all, regions, countries, where, united, nations, operates, includes, focus, conflict, affected, fragile, states, where, women, rights, participation, often, most, risk, women, does, not, specific, authority, over, ocean, space, territory, maritime, zones, but, rather, works, governments, civil, society, entities, promote, gender, equality, women, empowerment, all, spheres, life","{'women': 4, 'jurisdiction': 1, 'global': 1, 'encompassing': 1, 'all': 2, 'regions': 1, 'countries': 1, 'where': 2, 'united': 1, 'nations': 1, 'operates': 1, 'includes': 1, 'focus': 1, 'conflict': 1, 'affected': 1, 'fragile': 1, 'states': 1, 'rights': 1, 'participation': 1, 'often': 1, 'most': 1, 'risk': 1, 'does': 1, 'not': 1, 'specific': 1, 'authority': 1, 'over': 1, 'ocean': 1, 'space': 1, 'territory': 1, 'maritime': 1, 'zones': 1, 'but': 1, 'rather': 1, 'works': 1, 'governments': 1, 'civil': 1, 'society': 1, 'entities': 1, 'promote': 1, 'gender': 1, 'equality': 1, 'empowerment': 1, 'spheres': 1, 'life': 1}",,"affected, all, authority, but, civil, conflict, countries, does, empowerment, encompassing, entities, equality, focus, fragile, gender, global, governments, includes, jurisdiction, life, maritime, most, nations, not, ocean, often, operates, over, participation, promote, rather, regions, rights, risk, society, space, specific, spheres, states, territory, united, where, women, works, zones",[],,{},,0,"URLs removed; text lowercased; non‑alphanumerics stripped; stopwords removed. Keywords extracted and frequencies computed. Candidate Spatial Jurisdiction categories identified via lexical phrase matches (UNCLOS‑relevant terms) and validated with KWIC snippets. Includes consolidated keywords, triggers, mapping rationale, and ordinal breadth score (0–10)."
World Intellectual Property Organisation (WIPO),"WIPO does not have a specific authority over oceans and maritime zones, although its jurisdiction is global, encompassing its 193 member states that span all continents and regions (https://www.wipo.int/members/en/). This includes a focus on developing countries and least developed countries, with assistance in building their Intellectual Property (IP) capacity and infrastructure. ","wipo, does, not, specific, authority, over, oceans, maritime, zones, although, jurisdiction, global, encompassing, 193, member, states, span, all, continents, regions, includes, focus, developing, countries, least, developed, countries, assistance, building, intellectual, property, capacity, infrastructure","{'wipo': 1, 'does': 1, 'not': 1, 'specific': 1, 'authority': 1, 'over': 1, 'oceans': 1, 'maritime': 1, 'zones': 1, 'although': 1, 'jurisdiction': 1, 'global': 1, 'encompassing': 1, '193': 1, 'member': 1, 'states': 1, 'span': 1, 'all': 1, 'continents': 1, 'regions': 1, 'includes': 1, 'focus': 1, 'developing': 1, 'countries': 2, 'least': 1, 'developed': 1, 'assistance': 1, 'building': 1, 'intellectual': 1, 'property': 1, 'capacity': 1, 'infrastructure': 1}",,"193, all, although, assistance, authority, building, capacity, continents, countries, developed, developing, does, encompassing, focus, global, includes, infrastructure, intellectual, jurisdiction, least, maritime, member, not, oceans, over, property, regions, span, specific, states, wipo, zones",[],,{},,0,"URLs removed; text lowercased; non‑alphanumerics stripped; stopwords removed. Keywords extracted and frequencies computed. Candidate Spatial Jurisdiction categories identified via lexical phrase matches (UNCLOS‑relevant terms) and validated with KWIC snippets. Includes consolidated keywords, triggers, mapping rationale, and ordinal breadth score (0–10)."
UN Population Fund (UNFPA),"The UNFPA does not have jurisdiction over specific geographical areas, oceans, or maritime zones. Instead, its mandate is to address population and development issues worldwide, operating within political regions such as Arab States, Asia & the Pacific, East & Southern Africa, Eastern Europe & Central Asia, Latin America & the Caribbean, and West & Central Africa (https://www.unfpa.org/worldwide).","unfpa, does, not, jurisdiction, over, specific, geographical, areas, oceans, maritime, zones, instead, mandate, address, population, development, issues, worldwide, operating, political, regions, arab, states, asia, pacific, east, southern, africa, eastern, europe, central, asia, latin, america, caribbean, west, central, africa","{'unfpa': 1, 'does': 1, 'not': 1, 'jurisdiction': 1, 'over': 1, 'specific': 1, 'geographical': 1, 'areas': 1, 'oceans': 1, 'maritime': 1, 'zones': 1, 'instead': 1, 'mandate': 1, 'address': 1, 'population': 1, 'development': 1, 'issues': 1, 'worldwide': 1, 'operating': 1, 'political': 1, 'regions': 1, 'arab': 1, 'states': 1, 'asia': 2, 'pacific': 1, 'east': 1, 'southern': 1, 'africa': 2, 'eastern': 1, 'europe': 1, 'central': 2, 'latin': 1, 'america': 1, 'caribbean': 1, 'west': 1}",,"address, africa, america, arab, areas, asia, caribbean, central, development, does, east, eastern, europe, geographical, instead, issues, jurisdiction, latin, mandate, maritime, not, oceans, operating, over, pacific, political, population, regions, southern, specific, states, unfpa, west, worldwide, zones",[],,{},,0,"URLs removed; text lowercased; non‑alphanumerics stripped; stopwords removed. Keywords extracted and frequencies computed. Candidate Spatial Jurisdiction categories identified via lexical phrase matches (UNCLOS‑relevant terms) and validated with KWIC snippets. Includes consolidated keywords, triggers, mapping rationale, and ordinal breadth score (0–10)."
United Nations Human Settlements Programme (UN-Habitat),"UN-Habitat's jurisdiction is not limited to any specific geographical area, but rather covers all human settlements and sustainable urban development issues worldwide with presence in more than 90 countries in five continents and a focus on cities and towns, as well as rural and peri-urban areas (https://unhabitat.org/about-us). UN-Habitat does not have a direct jurisdiction on oceans and maritime zones, but supports the implementation of the SDGs and other international agendas that relate to urbanization and human settlements.","habitat, jurisdiction, not, limited, any, specific, geographical, area, but, rather, covers, all, human, settlements, sustainable, urban, development, issues, worldwide, presence, more, than, countries, five, continents, focus, cities, towns, well, rural, peri, urban, areas, habitat, does, not, direct, jurisdiction, oceans, maritime, zones, but, supports, implementation, sdgs, international, agendas, relate, urbanization, human, settlements","{'habitat': 2, 'jurisdiction': 2, 'not': 2, 'limited': 1, 'any': 1, 'specific': 1, 'geographical': 1, 'area': 1, 'but': 2, 'rather': 1, 'covers': 1, 'all': 1, 'human': 2, 'settlements': 2, 'sustainable': 1, 'urban': 2, 'development': 1, 'issues': 1, 'worldwide': 1, 'presence': 1, 'more': 1, 'than': 1, 'countries': 1, 'five': 1, 'continents': 1, 'focus': 1, 'cities': 1, 'towns': 1, 'well': 1, 'rural': 1, 'peri': 1, 'areas': 1, 'does': 1, 'direct': 1, 'oceans': 1, 'maritime': 1, 'zones': 1, 'supports': 1, 'implementation': 1, 'sdgs': 1, 'international': 1, 'agendas': 1, 'relate': 1, 'urbanization': 1}",,"agendas, all, any, area, areas, but, cities, continents, countries, covers, development, direct, does, five, focus, geographical, habitat, human, implementation, international, issues, jurisdiction, limited, maritime, more, not, oceans, peri, presence, rather, relate, rural, sdgs, settlements, specific, supports, sustainable, than, towns, urban, urbanization, well, worldwide, zones",[],,{},,0,"URLs removed; text lowercased; non‑alphanumerics stripped; stopwords removed. Keywords extracted and frequencies computed. Candidate Spatial Jurisdiction categories identified via lexical phrase matches (UNCLOS‑relevant terms) and validated with KWIC snippets. Includes consolidated keywords, triggers, mapping rationale, and ordinal breadth score (0–10)."
World Food Programme (WFP),"The World Food Programme (WFP) is a global organization that operates in over 120 countries and territories. However, it doesn't have jurisdiction over specific geographical areas such as oceans or maritime zones, but rather operates wherever there is a need to provide food assistance in emergencies and support sustainable livelihoods to achieve zero hunger, irrespective of political or economic zones (https://www.wfp.org/who-we-are).","world, food, programme, wfp, global, organization, operates, over, 120, countries, territories, however, doesn, jurisdiction, over, specific, geographical, areas, oceans, maritime, zones, but, rather, operates, wherever, there, need, provide, food, assistance, emergencies, support, sustainable, livelihoods, achieve, zero, hunger, irrespective, political, economic, zones","{'world': 1, 'food': 2, 'programme': 1, 'wfp': 1, 'global': 1, 'organization': 1, 'operates': 2, 'over': 2, '120': 1, 'countries': 1, 'territories': 1, 'however': 1, 'doesn': 1, 'jurisdiction': 1, 'specific': 1, 'geographical': 1, 'areas': 1, 'oceans': 1, 'maritime': 1, 'zones': 2, 'but': 1, 'rather': 1, 'wherever': 1, 'there': 1, 'need': 1, 'provide': 1, 'assistance': 1, 'emergencies': 1, 'support': 1, 'sustainable': 1, 'livelihoods': 1, 'achieve': 1, 'zero': 1, 'hunger': 1, 'irrespective': 1, 'political': 1, 'economic': 1}",,"120, achieve, areas, assistance, but, countries, doesn, economic, emergencies, food, geographical, global, however, hunger, irrespective, jurisdiction, livelihoods, maritime, need, oceans, operates, organization, over, political, programme, provide, rather, specific, support, sustainable, territories, there, wfp, wherever, world, zero, zones",[],,{},,0,"URLs removed; text lowercased; non‑alphanumerics stripped; stopwords removed. Keywords extracted and frequencies computed. Candidate Spatial Jurisdiction categories identified via lexical phrase matches (UNCLOS‑relevant terms) and validated with KWIC snippets. Includes consolidated keywords, triggers, mapping rationale, and ordinal breadth score (0–10)."
World Tourism Organization/UN Tourism (UNWTO),"UNWTO's jurisdiction is global, encompassing its 160 member states and six associate members from all regions of the world. This includes a focus on developing countries and small island developing states (SIDS) within the oceans, with authority to promote sustainable tourism practices and policies (https://www.unwto.org/about-us#:~:text=Members%3A%20An%20intergovernmental%20organization%2C%20UN,supreme%20organ%20of%20the%20Organization.). However, UN Tourism does not have direct control over the maritime zones or ocean space of its members, as these are subject to national sovereignty and international law.","unwto, jurisdiction, global, encompassing, 160, member, states, six, associate, members, all, regions, world, includes, focus, developing, countries, small, island, developing, states, sids, oceans, authority, promote, sustainable, tourism, practices, policies, however, tourism, does, not, direct, control, over, maritime, zones, ocean, space, members, subject, national, sovereignty, international, law","{'unwto': 1, 'jurisdiction': 1, 'global': 1, 'encompassing': 1, '160': 1, 'member': 1, 'states': 2, 'six': 1, 'associate': 1, 'members': 2, 'all': 1, 'regions': 1, 'world': 1, 'includes': 1, 'focus': 1, 'developing': 2, 'countries': 1, 'small': 1, 'island': 1, 'sids': 1, 'oceans': 1, 'authority': 1, 'promote': 1, 'sustainable': 1, 'tourism': 2, 'practices': 1, 'policies': 1, 'however': 1, 'does': 1, 'not': 1, 'direct': 1, 'control': 1, 'over': 1, 'maritime': 1, 'zones': 1, 'ocean': 1, 'space': 1, 'subject': 1, 'national': 1, 'sovereignty': 1, 'international': 1, 'law': 1}",,"160, all, associate, authority, control, countries, developing, direct, does, encompassing, focus, global, however, includes, international, island, jurisdiction, law, maritime, member, members, national, not, ocean, oceans, over, policies, practices, promote, regions, sids, six, small, sovereignty, space, states, subject, sustainable, tourism, unwto, world, zones",[],,{},,0,"URLs removed; text lowercased; non‑alphanumerics stripped; stopwords removed. Keywords extracted and frequencies computed. Candidate Spatial Jurisdiction categories identified via lexical phrase matches (UNCLOS‑relevant terms) and validated with KWIC snippets. Includes consolidated keywords, triggers, mapping rationale, and ordinal breadth score (0–10)."
UN Research Institute for Social Development (UNRISD),"UNRISD's work is global in nature as an autonomous research institute within the United Nations, focusing primarily on the developing world, although not  limited to exclusive economic or political zones (https://www.unrisd.org/en/about). It does not have jurisdiction over any specific geographical area, ocean space, territory, or maritime zones.","unrisd, work, global, nature, autonomous, research, institute, united, nations, focusing, primarily, developing, world, although, not, limited, exclusive, economic, political, zones, does, not, jurisdiction, over, any, specific, geographical, area, ocean, space, territory, maritime, zones","{'unrisd': 1, 'work': 1, 'global': 1, 'nature': 1, 'autonomous': 1, 'research': 1, 'institute': 1, 'united': 1, 'nations': 1, 'focusing': 1, 'primarily': 1, 'developing': 1, 'world': 1, 'although': 1, 'not': 2, 'limited': 1, 'exclusive': 1, 'economic': 1, 'political': 1, 'zones': 2, 'does': 1, 'jurisdiction': 1, 'over': 1, 'any': 1, 'specific': 1, 'geographical': 1, 'area': 1, 'ocean': 1, 'space': 1, 'territory': 1, 'maritime': 1}",,"although, any, area, autonomous, developing, does, economic, exclusive, focusing, geographical, global, institute, jurisdiction, limited, maritime, nations, nature, not, ocean, over, political, primarily, research, space, specific, territory, united, unrisd, work, world, zones",[],,{},,0,"URLs removed; text lowercased; non‑alphanumerics stripped; stopwords removed. Keywords extracted and frequencies computed. Candidate Spatial Jurisdiction categories identified via lexical phrase matches (UNCLOS‑relevant terms) and validated with KWIC snippets. Includes consolidated keywords, triggers, mapping rationale, and ordinal breadth score (0–10)."
"Secretariat of the Basel, Rotterdam and Stockholm Conventions (BRS)


","The BRS Secretariat's jurisdiction is global, covering all parties to the Basel, Rotterdam and Stockholm conventions (https://www.brsmeas.org/Decisionmaking/Overview/AboutSynergies/tabid/2614/language/en-US/Default.aspx). This includes all ocean space, territory and maritime zones of the parties, as well as areas beyond national jurisdiction where the conventions apply, such as the high seas and the Antarctic . BRS Secretariat does not have a specific distance limit within its jurisdiction, but rather follows the principles and rules of international law and the conventions themselves.","brs, secretariat, jurisdiction, global, covering, all, parties, basel, rotterdam, stockholm, conventions, includes, all, ocean, space, territory, maritime, zones, parties, well, areas, beyond, national, jurisdiction, where, conventions, apply, high, seas, antarctic, brs, secretariat, does, not, specific, distance, limit, jurisdiction, but, rather, follows, principles, rules, international, law, conventions, themselves","{'brs': 2, 'secretariat': 2, 'jurisdiction': 3, 'global': 1, 'covering': 1, 'all': 2, 'parties': 2, 'basel': 1, 'rotterdam': 1, 'stockholm': 1, 'conventions': 3, 'includes': 1, 'ocean': 1, 'space': 1, 'territory': 1, 'maritime': 1, 'zones': 1, 'well': 1, 'areas': 1, 'beyond': 1, 'national': 1, 'where': 1, 'apply': 1, 'high': 1, 'seas': 1, 'antarctic': 1, 'does': 1, 'not': 1, 'specific': 1, 'distance': 1, 'limit': 1, 'but': 1, 'rather': 1, 'follows': 1, 'principles': 1, 'rules': 1, 'international': 1, 'law': 1, 'themselves': 1}","high seas: here the conventions apply, such as the **high seas** and the Antarctic . BRS Secretariat doe","all, antarctic, apply, areas, basel, beyond, brs, but, conventions, covering, distance, does, follows, global, high, includes, international, jurisdiction, law, limit, maritime, national, not, ocean, parties, principles, rather, rotterdam, rules, seas, secretariat, space, specific, stockholm, territory, themselves, well, where, zones",['High Seas'],High Seas,{'High Seas': ['high seas']},High Seas: matched high seas (string match + KWIC),1,"URLs removed; text lowercased; non‑alphanumerics stripped; stopwords removed. Keywords extracted and frequencies computed. Candidate Spatial Jurisdiction categories identified via lexical phrase matches (UNCLOS‑relevant terms) and validated with KWIC snippets. Includes consolidated keywords, triggers, mapping rationale, and ordinal breadth score (0–10)."
"Secretariat of the Convention on Biological Diversity (CBD)

","The CBD's jurisdiction is based on the principle of national sovereignty over biological diversity, meaning that the CBD applies to the components of biological diversity in areas within the limits of each Contracting Party's national jurisdiction, and to the processes and activities carried out under its jurisdiction or control, regardless of where their effects occur (https://www.cbd.int/doc/legal/cbd-en.pdf). The CBD does not have authority over oceans and maritime zones beyond the limits of national jurisdiction, except for the responsibility to prevent or minimize damage to the environment of other States or of areas beyond the limits of national jurisdiction (https://www.cbd.int/doc/legal/cbd-en.pdf). Therefore, the CBD's jurisdiction varies depending on the extent of each Contracting Party's national jurisdiction, which may include exclusive economic zones (EEZs), territorial waters, contiguous zones, inland waters, and coastal areas.","cbd, jurisdiction, based, principle, national, sovereignty, over, biological, diversity, meaning, cbd, applies, components, biological, diversity, areas, limits, each, contracting, party, national, jurisdiction, processes, activities, carried, out, under, jurisdiction, control, regardless, where, effects, occur, cbd, does, not, authority, over, oceans, maritime, zones, beyond, limits, national, jurisdiction, except, responsibility, prevent, minimize, damage, environment, states, areas, beyond, limits, national, jurisdiction, therefore, cbd, jurisdiction, varies, depending, extent, each, contracting, party, national, jurisdiction, exclusive, economic, zones, eezs, territorial, waters, contiguous, zones, inland, waters, coastal, areas","{'cbd': 4, 'jurisdiction': 7, 'based': 1, 'principle': 1, 'national': 5, 'sovereignty': 1, 'over': 2, 'biological': 2, 'diversity': 2, 'meaning': 1, 'applies': 1, 'components': 1, 'areas': 3, 'limits': 3, 'each': 2, 'contracting': 2, 'party': 2, 'processes': 1, 'activities': 1, 'carried': 1, 'out': 1, 'under': 1, 'control': 1, 'regardless': 1, 'where': 1, 'effects': 1, 'occur': 1, 'does': 1, 'not': 1, 'authority': 1, 'oceans': 1, 'maritime': 1, 'zones': 3, 'beyond': 2, 'except': 1, 'responsibility': 1, 'prevent': 1, 'minimize': 1, 'damage': 1, 'environment': 1, 'states': 1, 'therefore': 1, 'varies': 1, 'depending': 1, 'extent': 1, 'exclusive': 1, 'economic': 1, 'eezs': 1, 'territorial': 1, 'waters': 2, 'contiguous': 1, 'inland': 1, 'coastal': 1}","inland waters: , territorial waters, contiguous zones, **inland waters**, and coastal areas.; territorial waters: nclude exclusive economic zones (EEZs), **territorial waters**, contiguous zones, inland waters, and c; contiguous zone: nomic zones (EEZs), territorial waters, **contiguous zone**s, inland waters, and coastal areas.; exclusive economic zone: ational jurisdiction, which may include **exclusive economic zone**s (EEZs), territorial waters, contiguous; eez: h may include exclusive economic zones (**EEZ**s), territorial waters, contiguous zones","activities, applies, areas, authority, based, beyond, biological, carried, cbd, coastal, components, contiguous, contracting, control, damage, depending, diversity, does, each, economic, eezs, effects, environment, except, exclusive, extent, inland, jurisdiction, limits, maritime, meaning, minimize, national, not, occur, oceans, out, over, party, prevent, principle, processes, regardless, responsibility, sovereignty, states, territorial, therefore, under, varies, waters, where, zones","['Internal Waters (IW)', 'Territorial Sea (TS)', 'Contiguous Zone (CZ)', 'Exclusive Economic Zone (EEZ)']",Internal Waters (IW); Territorial Sea (TS); Contiguous Zone (CZ); Exclusive Economic Zone (EEZ),"{'Internal Waters (IW)': ['inland waters'], 'Territorial Sea (TS)': ['territorial waters'], 'Contiguous Zone (CZ)': ['contiguous zone'], 'Exclusive Economic Zone (EEZ)': ['exclusive economic zone', 'eez']}","Internal Waters (IW): matched inland waters (string match + KWIC) | Territorial Sea (TS): matched territorial waters (string match + KWIC) | Contiguous Zone (CZ): matched contiguous zone (string match + KWIC) | Exclusive Economic Zone (EEZ): matched exclusive economic zone, eez (string match + KWIC)",4,"URLs removed; text lowercased; non‑alphanumerics stripped; stopwords removed. Keywords extracted and frequencies computed. Candidate Spatial Jurisdiction categories identified via lexical phrase matches (UNCLOS‑relevant terms) and validated with KWIC snippets. Includes consolidated keywords, triggers, mapping rationale, and ordinal breadth score (0–10)."
"
Secretariat of the Convention on International Trade in Endangered Species of Wild Fauna and Flora (CITES)

","CITES Secretariat operates globally, with its authority extending to the territories of its member states. However, it does not specify jurisdiction over particular maritime zones or distances from coastlines. Instead, its mandate covers the regulation of trade in specimens of species included in its appendices (https://cites.org/eng/prog/Permit_system). Therefore, its jurisdiction is not limited to specific ocean spaces, territories, or maritime zones, but rather focused on the trade of endangered species within its member states.","cites, secretariat, operates, globally, authority, extending, territories, member, states, however, does, not, specify, jurisdiction, over, particular, maritime, zones, distances, coastlines, instead, mandate, covers, regulation, trade, specimens, species, included, appendices, therefore, jurisdiction, not, limited, specific, ocean, spaces, territories, maritime, zones, but, rather, focused, trade, endangered, species, member, states","{'cites': 1, 'secretariat': 1, 'operates': 1, 'globally': 1, 'authority': 1, 'extending': 1, 'territories': 2, 'member': 2, 'states': 2, 'however': 1, 'does': 1, 'not': 2, 'specify': 1, 'jurisdiction': 2, 'over': 1, 'particular': 1, 'maritime': 2, 'zones': 2, 'distances': 1, 'coastlines': 1, 'instead': 1, 'mandate': 1, 'covers': 1, 'regulation': 1, 'trade': 2, 'specimens': 1, 'species': 2, 'included': 1, 'appendices': 1, 'therefore': 1, 'limited': 1, 'specific': 1, 'ocean': 1, 'spaces': 1, 'but': 1, 'rather': 1, 'focused': 1, 'endangered': 1}","coastline: icular maritime zones or distances from **coastline**s. Instead, its mandate covers the regul","appendices, authority, but, cites, coastlines, covers, distances, does, endangered, extending, focused, globally, however, included, instead, jurisdiction, limited, mandate, maritime, member, not, ocean, operates, over, particular, rather, regulation, secretariat, spaces, species, specific, specify, specimens, states, territories, therefore, trade, zones",['Coastal Zone'],Coastal Zone,{'Coastal Zone': ['coastline']},Coastal Zone: matched coastline (string match + KWIC),1,"URLs removed; text lowercased; non‑alphanumerics stripped; stopwords removed. Keywords extracted and frequencies computed. Candidate Spatial Jurisdiction categories identified via lexical phrase matches (UNCLOS‑relevant terms) and validated with KWIC snippets. Includes consolidated keywords, triggers, mapping rationale, and ordinal breadth score (0–10)."
"
Secretariat of the Convention on Migratory Species (CMS)","The CMS Secretariat's jurisdiction is global, covering all the regions and habitats where migratory species of wild animals occur. This includes terrestrial, aquatic and avian species that cross national boundaries or move between areas of jurisdiction. The CMS Secretariat does not have authority over specific ocean spaces, territories or maritime zones, but rather facilitates cooperation and coordination among the Parties to the Convention, which are currently 133 countries (https://www.cms.int/en/parties-range-states).","cms, secretariat, jurisdiction, global, covering, all, regions, habitats, where, migratory, species, wild, animals, occur, includes, terrestrial, aquatic, avian, species, cross, national, boundaries, move, between, areas, jurisdiction, cms, secretariat, does, not, authority, over, specific, ocean, spaces, territories, maritime, zones, but, rather, facilitates, cooperation, coordination, parties, convention, currently, 133, countries","{'cms': 2, 'secretariat': 2, 'jurisdiction': 2, 'global': 1, 'covering': 1, 'all': 1, 'regions': 1, 'habitats': 1, 'where': 1, 'migratory': 1, 'species': 2, 'wild': 1, 'animals': 1, 'occur': 1, 'includes': 1, 'terrestrial': 1, 'aquatic': 1, 'avian': 1, 'cross': 1, 'national': 1, 'boundaries': 1, 'move': 1, 'between': 1, 'areas': 1, 'does': 1, 'not': 1, 'authority': 1, 'over': 1, 'specific': 1, 'ocean': 1, 'spaces': 1, 'territories': 1, 'maritime': 1, 'zones': 1, 'but': 1, 'rather': 1, 'facilitates': 1, 'cooperation': 1, 'coordination': 1, 'parties': 1, 'convention': 1, 'currently': 1, '133': 1, 'countries': 1}",,"133, all, animals, aquatic, areas, authority, avian, between, boundaries, but, cms, convention, cooperation, coordination, countries, covering, cross, currently, does, facilitates, global, habitats, includes, jurisdiction, maritime, migratory, move, national, not, occur, ocean, over, parties, rather, regions, secretariat, spaces, species, specific, terrestrial, territories, where, wild, zones",[],,{},,0,"URLs removed; text lowercased; non‑alphanumerics stripped; stopwords removed. Keywords extracted and frequencies computed. Candidate Spatial Jurisdiction categories identified via lexical phrase matches (UNCLOS‑relevant terms) and validated with KWIC snippets. Includes consolidated keywords, triggers, mapping rationale, and ordinal breadth score (0–10)."
International Fund for Agricultural Development (IFAD),"IFAD's jurisdiction is not limited to any specific geographical or political, or economic zones, but rather covers the rural areas of its 177 member states, which include developing, middle and high-income countries from all regions of the world (https://www.ifad.org/en/web/operations/regions). IFAD does not have a specific mandate or jurisdiction on oceans and maritime zones, but it does support projects that involve coastal communities, fisheries and aquaculture in some countries.","ifad, jurisdiction, not, limited, any, specific, geographical, political, economic, zones, but, rather, covers, rural, areas, 177, member, states, developing, middle, high, income, countries, all, regions, world, ifad, does, not, specific, mandate, jurisdiction, oceans, maritime, zones, but, does, support, projects, involve, coastal, communities, fisheries, aquaculture, some, countries","{'ifad': 2, 'jurisdiction': 2, 'not': 2, 'limited': 1, 'any': 1, 'specific': 2, 'geographical': 1, 'political': 1, 'economic': 1, 'zones': 2, 'but': 2, 'rather': 1, 'covers': 1, 'rural': 1, 'areas': 1, '177': 1, 'member': 1, 'states': 1, 'developing': 1, 'middle': 1, 'high': 1, 'income': 1, 'countries': 2, 'all': 1, 'regions': 1, 'world': 1, 'does': 2, 'mandate': 1, 'oceans': 1, 'maritime': 1, 'support': 1, 'projects': 1, 'involve': 1, 'coastal': 1, 'communities': 1, 'fisheries': 1, 'aquaculture': 1, 'some': 1}",,"177, all, any, aquaculture, areas, but, coastal, communities, countries, covers, developing, does, economic, fisheries, geographical, high, ifad, income, involve, jurisdiction, limited, mandate, maritime, member, middle, not, oceans, political, projects, rather, regions, rural, some, specific, states, support, world, zones",[],,{},,0,"URLs removed; text lowercased; non‑alphanumerics stripped; stopwords removed. Keywords extracted and frequencies computed. Candidate Spatial Jurisdiction categories identified via lexical phrase matches (UNCLOS‑relevant terms) and validated with KWIC snippets. Includes consolidated keywords, triggers, mapping rationale, and ordinal breadth score (0–10)."
"
International Trade Centre (ITC)","ITC's jurisdiction is global, covering all regions and countries that are members of the World Trade Organization (WTO) or the United Nations (UN). Nevertheless, it prioritizes project implementation in Least Developed Countries, Landlocked Developing Countries, Small Island Developing States, Sub-Saharan Africa, and post conflict and fragile states, which correspond to a wide range of ocean spaces, territories and maritime zones, depending on the specific trade agreements and policies of each country (https://intracen.org/our-work/regions-and-countries). ITC does not have a fixed spatial coverage, but rather adapts to the needs and preferences of its clients and partners.","itc, jurisdiction, global, covering, all, regions, countries, members, world, trade, organization, wto, united, nations, nevertheless, prioritizes, project, implementation, least, developed, countries, landlocked, developing, countries, small, island, developing, states, sub, saharan, africa, post, conflict, fragile, states, correspond, wide, range, ocean, spaces, territories, maritime, zones, depending, specific, trade, agreements, policies, each, country, itc, does, not, fixed, spatial, coverage, but, rather, adapts, needs, preferences, clients, partners","{'itc': 2, 'jurisdiction': 1, 'global': 1, 'covering': 1, 'all': 1, 'regions': 1, 'countries': 3, 'members': 1, 'world': 1, 'trade': 2, 'organization': 1, 'wto': 1, 'united': 1, 'nations': 1, 'nevertheless': 1, 'prioritizes': 1, 'project': 1, 'implementation': 1, 'least': 1, 'developed': 1, 'landlocked': 1, 'developing': 2, 'small': 1, 'island': 1, 'states': 2, 'sub': 1, 'saharan': 1, 'africa': 1, 'post': 1, 'conflict': 1, 'fragile': 1, 'correspond': 1, 'wide': 1, 'range': 1, 'ocean': 1, 'spaces': 1, 'territories': 1, 'maritime': 1, 'zones': 1, 'depending': 1, 'specific': 1, 'agreements': 1, 'policies': 1, 'each': 1, 'country': 1, 'does': 1, 'not': 1, 'fixed': 1, 'spatial': 1, 'coverage': 1, 'but': 1, 'rather': 1, 'adapts': 1, 'needs': 1, 'preferences': 1, 'clients': 1, 'partners': 1}",,"adapts, africa, agreements, all, but, clients, conflict, correspond, countries, country, coverage, covering, depending, developed, developing, does, each, fixed, fragile, global, implementation, island, itc, jurisdiction, landlocked, least, maritime, members, nations, needs, nevertheless, not, ocean, organization, partners, policies, post, preferences, prioritizes, project, range, rather, regions, saharan, small, spaces, spatial, specific, states, sub, territories, trade, united, wide, world, wto, zones",[],,{},,0,"URLs removed; text lowercased; non‑alphanumerics stripped; stopwords removed. Keywords extracted and frequencies computed. Candidate Spatial Jurisdiction categories identified via lexical phrase matches (UNCLOS‑relevant terms) and validated with KWIC snippets. Includes consolidated keywords, triggers, mapping rationale, and ordinal breadth score (0–10)."
Secretariat of the United Nations Convention to Combat Desertification (UNCCD),"The UNCCD Secretariat's jurisdiction is focused on dry and semi-arid lands regions, where desertification and drought are prevalent. This includes a range of political and economic zones as represented by countries in Africa, Asia, Latin America and the Caribbean, Central and Eastern Europe, and the Northern Mediterranean (https://www.unccd.int/convention/regions). The Secretariat does not have authority over oceans and maritime zones, as its mandate is to combat land degradation and mitigate the effects of drought on land-based ecosystems and populations.","unccd, secretariat, jurisdiction, focused, dry, semi, arid, lands, regions, where, desertification, drought, prevalent, includes, range, political, economic, zones, represented, countries, africa, asia, latin, america, caribbean, central, eastern, europe, northern, mediterranean, secretariat, does, not, authority, over, oceans, maritime, zones, mandate, combat, land, degradation, mitigate, effects, drought, land, based, ecosystems, populations","{'unccd': 1, 'secretariat': 2, 'jurisdiction': 1, 'focused': 1, 'dry': 1, 'semi': 1, 'arid': 1, 'lands': 1, 'regions': 1, 'where': 1, 'desertification': 1, 'drought': 2, 'prevalent': 1, 'includes': 1, 'range': 1, 'political': 1, 'economic': 1, 'zones': 2, 'represented': 1, 'countries': 1, 'africa': 1, 'asia': 1, 'latin': 1, 'america': 1, 'caribbean': 1, 'central': 1, 'eastern': 1, 'europe': 1, 'northern': 1, 'mediterranean': 1, 'does': 1, 'not': 1, 'authority': 1, 'over': 1, 'oceans': 1, 'maritime': 1, 'mandate': 1, 'combat': 1, 'land': 2, 'degradation': 1, 'mitigate': 1, 'effects': 1, 'based': 1, 'ecosystems': 1, 'populations': 1}",,"africa, america, arid, asia, authority, based, caribbean, central, combat, countries, degradation, desertification, does, drought, dry, eastern, economic, ecosystems, effects, europe, focused, includes, jurisdiction, land, lands, latin, mandate, maritime, mediterranean, mitigate, northern, not, oceans, over, political, populations, prevalent, range, regions, represented, secretariat, semi, unccd, where, zones",[],,{},,0,"URLs removed; text lowercased; non‑alphanumerics stripped; stopwords removed. Keywords extracted and frequencies computed. Candidate Spatial Jurisdiction categories identified via lexical phrase matches (UNCLOS‑relevant terms) and validated with KWIC snippets. Includes consolidated keywords, triggers, mapping rationale, and ordinal breadth score (0–10)."
United Nations University (UNU),"UNU's jurisdiction is not limited to any specific geographical area, but rather covers the entire world as a global academic institution and think tank of the United Nations. This includes a network of campuses, programmes, and affiliated institutes spanning 12 countries, as well as partnerships with other academic institutions and policymakers around the world (https://unu.edu/). UNU does not have any authority over oceans and maritime zones, as it is not a State or an intergovernmental organization, but rather an organ of the United Nations General Assembly.","unu, jurisdiction, not, limited, any, specific, geographical, area, but, rather, covers, entire, world, global, academic, institution, think, tank, united, nations, includes, network, campuses, programmes, affiliated, institutes, spanning, countries, well, partnerships, academic, institutions, policymakers, around, world, unu, does, not, any, authority, over, oceans, maritime, zones, not, state, intergovernmental, organization, but, rather, organ, united, nations, general, assembly","{'unu': 2, 'jurisdiction': 1, 'not': 3, 'limited': 1, 'any': 2, 'specific': 1, 'geographical': 1, 'area': 1, 'but': 2, 'rather': 2, 'covers': 1, 'entire': 1, 'world': 2, 'global': 1, 'academic': 2, 'institution': 1, 'think': 1, 'tank': 1, 'united': 2, 'nations': 2, 'includes': 1, 'network': 1, 'campuses': 1, 'programmes': 1, 'affiliated': 1, 'institutes': 1, 'spanning': 1, 'countries': 1, 'well': 1, 'partnerships': 1, 'institutions': 1, 'policymakers': 1, 'around': 1, 'does': 1, 'authority': 1, 'over': 1, 'oceans': 1, 'maritime': 1, 'zones': 1, 'state': 1, 'intergovernmental': 1, 'organization': 1, 'organ': 1, 'general': 1, 'assembly': 1}",,"academic, affiliated, any, area, around, assembly, authority, but, campuses, countries, covers, does, entire, general, geographical, global, includes, institutes, institution, institutions, intergovernmental, jurisdiction, limited, maritime, nations, network, not, oceans, organ, organization, over, partnerships, policymakers, programmes, rather, spanning, specific, state, tank, think, united, unu, well, world, zones",[],,{},,0,"URLs removed; text lowercased; non‑alphanumerics stripped; stopwords removed. Keywords extracted and frequencies computed. Candidate Spatial Jurisdiction categories identified via lexical phrase matches (UNCLOS‑relevant terms) and validated with KWIC snippets. Includes consolidated keywords, triggers, mapping rationale, and ordinal breadth score (0–10)."
Ramsar Convention on Wetlands Secretariat (Ramsar) ,"The Ramsar Secretariat's jurisdiction is based on the Convention on Wetlands, which applies to all wetlands within the territories of its 163 Contracting Parties (https://www.ramsar.org/about/bodies/secretariat), and includes a wide variety of habitats such as marshes, peatlands, floodplains, rivers and lakes, and coastal areas such as saltmarshes, mangroves, and seagrass beds, but also coral reefs and other marine areas no deeper than six metres at low tide, as well as human-made wetlands such as waste-water treatment ponds and reservoirs (https://leap.unep.org/sites/default/files/2020-09/manual6-2013-e.pdf). The Secretariat has authority over the conservation and wise use of these wetlands, as well as their designation for inclusion in the Ramsar List of Wetlands of International Importance (https://leap.unep.org/sites/default/files/2020-09/manual6-2013-e.pdf). The Secretariat does not have jurisdiction over the entire ocean space or maritime zones of its Contracting Parties, but only over the wetlands that fall within the definition of the Convention.","ramsar, secretariat, jurisdiction, based, convention, wetlands, applies, all, wetlands, territories, 163, contracting, parties, includes, wide, variety, habitats, marshes, peatlands, floodplains, rivers, lakes, coastal, areas, saltmarshes, mangroves, seagrass, beds, but, coral, reefs, marine, areas, deeper, than, six, metres, low, tide, well, human, made, wetlands, waste, water, treatment, ponds, reservoirs, secretariat, authority, over, conservation, wise, use, wetlands, well, designation, inclusion, ramsar, list, wetlands, international, importance, secretariat, does, not, jurisdiction, over, entire, ocean, space, maritime, zones, contracting, parties, but, only, over, wetlands, fall, definition, convention","{'ramsar': 2, 'secretariat': 3, 'jurisdiction': 2, 'based': 1, 'convention': 2, 'wetlands': 6, 'applies': 1, 'all': 1, 'territories': 1, '163': 1, 'contracting': 2, 'parties': 2, 'includes': 1, 'wide': 1, 'variety': 1, 'habitats': 1, 'marshes': 1, 'peatlands': 1, 'floodplains': 1, 'rivers': 1, 'lakes': 1, 'coastal': 1, 'areas': 2, 'saltmarshes': 1, 'mangroves': 1, 'seagrass': 1, 'beds': 1, 'but': 2, 'coral': 1, 'reefs': 1, 'marine': 1, 'deeper': 1, 'than': 1, 'six': 1, 'metres': 1, 'low': 1, 'tide': 1, 'well': 2, 'human': 1, 'made': 1, 'waste': 1, 'water': 1, 'treatment': 1, 'ponds': 1, 'reservoirs': 1, 'authority': 1, 'over': 3, 'conservation': 1, 'wise': 1, 'use': 1, 'designation': 1, 'inclusion': 1, 'list': 1, 'international': 1, 'importance': 1, 'does': 1, 'not': 1, 'entire': 1, 'ocean': 1, 'space': 1, 'maritime': 1, 'zones': 1, 'only': 1, 'fall': 1, 'definition': 1}",,"163, all, applies, areas, authority, based, beds, but, coastal, conservation, contracting, convention, coral, deeper, definition, designation, does, entire, fall, floodplains, habitats, human, importance, includes, inclusion, international, jurisdiction, lakes, list, low, made, mangroves, marine, maritime, marshes, metres, not, ocean, only, over, parties, peatlands, ponds, ramsar, reefs, reservoirs, rivers, saltmarshes, seagrass, secretariat, six, space, territories, than, tide, treatment, use, variety, waste, water, well, wetlands, wide, wise, zones",[],,{},,0,"URLs removed; text lowercased; non‑alphanumerics stripped; stopwords removed. Keywords extracted and frequencies computed. Candidate Spatial Jurisdiction categories identified via lexical phrase matches (UNCLOS‑relevant terms) and validated with KWIC snippets. Includes consolidated keywords, triggers, mapping rationale, and ordinal breadth score (0–10)."
Minamata Convention on Mercury (Minamata),"The Minamata Convention's jurisdiction is global, covering all 147 signatory states (https://minamataconvention.org/en/about). It, however, doesn’t specify authority over ocean spaces, particular maritime zones or distances from coastlines.","minamata, convention, jurisdiction, global, covering, all, 147, signatory, states, however, doesn, specify, authority, over, ocean, spaces, particular, maritime, zones, distances, coastlines","{'minamata': 1, 'convention': 1, 'jurisdiction': 1, 'global': 1, 'covering': 1, 'all': 1, '147': 1, 'signatory': 1, 'states': 1, 'however': 1, 'doesn': 1, 'specify': 1, 'authority': 1, 'over': 1, 'ocean': 1, 'spaces': 1, 'particular': 1, 'maritime': 1, 'zones': 1, 'distances': 1, 'coastlines': 1}",coastline: icular maritime zones or distances from **coastline**s.,"147, all, authority, coastlines, convention, covering, distances, doesn, global, however, jurisdiction, maritime, minamata, ocean, over, particular, signatory, spaces, specify, states, zones",['Coastal Zone'],Coastal Zone,{'Coastal Zone': ['coastline']},Coastal Zone: matched coastline (string match + KWIC),1,"URLs removed; text lowercased; non‑alphanumerics stripped; stopwords removed. Keywords extracted and frequencies computed. Candidate Spatial Jurisdiction categories identified via lexical phrase matches (UNCLOS‑relevant terms) and validated with KWIC snippets. Includes consolidated keywords, triggers, mapping rationale, and ordinal breadth score (0–10)."
United Nations Office for Outer Space Affairs (UNOOSA),"UNOOSA's jurisdiction is focused on the exploration and use of outer space, including the moon and other celestial bodies, for peaceful purposes. This covers all activities of states parties to the Outer Space Treaty, whether carried out by governmental or non-governmental entities, within the framework of international law (https://www.unoosa.org/oosa/en/ourwork/spacelaw/treaties/outerspacetreaty.html). UNOOSA does not have any authority over the oceans and maritime zones of the Earth, as these are governed by other treaties and principles.","unoosa, jurisdiction, focused, exploration, use, outer, space, moon, celestial, bodies, peaceful, purposes, covers, all, activities, states, parties, outer, space, treaty, whether, carried, out, governmental, non, governmental, entities, framework, international, law, unoosa, does, not, any, authority, over, oceans, maritime, zones, earth, governed, treaties, principles","{'unoosa': 2, 'jurisdiction': 1, 'focused': 1, 'exploration': 1, 'use': 1, 'outer': 2, 'space': 2, 'moon': 1, 'celestial': 1, 'bodies': 1, 'peaceful': 1, 'purposes': 1, 'covers': 1, 'all': 1, 'activities': 1, 'states': 1, 'parties': 1, 'treaty': 1, 'whether': 1, 'carried': 1, 'out': 1, 'governmental': 2, 'non': 1, 'entities': 1, 'framework': 1, 'international': 1, 'law': 1, 'does': 1, 'not': 1, 'any': 1, 'authority': 1, 'over': 1, 'oceans': 1, 'maritime': 1, 'zones': 1, 'earth': 1, 'governed': 1, 'treaties': 1, 'principles': 1}",,"activities, all, any, authority, bodies, carried, celestial, covers, does, earth, entities, exploration, focused, framework, governed, governmental, international, jurisdiction, law, maritime, moon, non, not, oceans, out, outer, over, parties, peaceful, principles, purposes, space, states, treaties, treaty, unoosa, use, whether, zones",[],,{},,0,"URLs removed; text lowercased; non‑alphanumerics stripped; stopwords removed. Keywords extracted and frequencies computed. Candidate Spatial Jurisdiction categories identified via lexical phrase matches (UNCLOS‑relevant terms) and validated with KWIC snippets. Includes consolidated keywords, triggers, mapping rationale, and ordinal breadth score (0–10)."
United Nations Office on Drugs and Crime (UNODC),"UNODC's jurisdiction is not limited to a specific geographical area, but rather to the offences established in accordance with the Organized Crime Convention and other relevant treaties. This means that UNODC can assist states in preventing and combating transnational organized crime, corruption, terrorism, drug trafficking, money laundering, cybercrime, and other related issues, regardless of where they occur (https://www.unodc.org/e4j/en/organized-crime/module-8/key-issues/jurisdictions.html). However, UNODC respects the sovereignty and jurisdiction of each state party, and encourages cooperation and coordination among states to avoid jurisdictional gaps or conflicts (https://www.unodc.org/e4j/en/cybercrime/module-7/key-issues/sovereignty-and-jurisdiction.html). UNODC also has field offices in various regions and countries, which provide technical assistance and support to the local authorities (https://www.unodc.org/unodc/en/corruption/country-profile/index.html). UNODC does not have a specific jurisdiction over ocean spaces and maritime zones, but rather works with states and other international organizations to address various crimes and threats that occur at sea, in accordance with the United Nations Convention on the Law of the Sea³ and other relevant treaties (https://www.un.org/Depts/los/general_assembly/contributions_2019/UNODC.pdf).","unodc, jurisdiction, not, limited, specific, geographical, area, but, rather, offences, established, accordance, organized, crime, convention, relevant, treaties, means, unodc, assist, states, preventing, combating, transnational, organized, crime, corruption, terrorism, drug, trafficking, money, laundering, cybercrime, related, issues, regardless, where, they, occur, however, unodc, respects, sovereignty, jurisdiction, each, state, party, encourages, cooperation, coordination, states, avoid, jurisdictional, gaps, conflicts, unodc, field, offices, various, regions, countries, provide, technical, assistance, support, local, authorities, unodc, does, not, specific, jurisdiction, over, ocean, spaces, maritime, zones, but, rather, works, states, international, organizations, address, various, crimes, threats, occur, sea, accordance, united, nations, convention, law, sea, relevant, treaties","{'unodc': 5, 'jurisdiction': 3, 'not': 2, 'limited': 1, 'specific': 2, 'geographical': 1, 'area': 1, 'but': 2, 'rather': 2, 'offences': 1, 'established': 1, 'accordance': 2, 'organized': 2, 'crime': 2, 'convention': 2, 'relevant': 2, 'treaties': 2, 'means': 1, 'assist': 1, 'states': 3, 'preventing': 1, 'combating': 1, 'transnational': 1, 'corruption': 1, 'terrorism': 1, 'drug': 1, 'trafficking': 1, 'money': 1, 'laundering': 1, 'cybercrime': 1, 'related': 1, 'issues': 1, 'regardless': 1, 'where': 1, 'they': 1, 'occur': 2, 'however': 1, 'respects': 1, 'sovereignty': 1, 'each': 1, 'state': 1, 'party': 1, 'encourages': 1, 'cooperation': 1, 'coordination': 1, 'avoid': 1, 'jurisdictional': 1, 'gaps': 1, 'conflicts': 1, 'field': 1, 'offices': 1, 'various': 2, 'regions': 1, 'countries': 1, 'provide': 1, 'technical': 1, 'assistance': 1, 'support': 1, 'local': 1, 'authorities': 1, 'does': 1, 'over': 1, 'ocean': 1, 'spaces': 1, 'maritime': 1, 'zones': 1, 'works': 1, 'international': 1, 'organizations': 1, 'address': 1, 'crimes': 1, 'threats': 1, 'sea': 2, 'united': 1, 'nations': 1, 'law': 1}",,"accordance, address, area, assist, assistance, authorities, avoid, but, combating, conflicts, convention, cooperation, coordination, corruption, countries, crime, crimes, cybercrime, does, drug, each, encourages, established, field, gaps, geographical, however, international, issues, jurisdiction, jurisdictional, laundering, law, limited, local, maritime, means, money, nations, not, occur, ocean, offences, offices, organizations, organized, over, party, preventing, provide, rather, regardless, regions, related, relevant, respects, sea, sovereignty, spaces, specific, state, states, support, technical, terrorism, they, threats, trafficking, transnational, treaties, united, unodc, various, where, works, zones",[],,{},,0,"URLs removed; text lowercased; non‑alphanumerics stripped; stopwords removed. Keywords extracted and frequencies computed. Candidate Spatial Jurisdiction categories identified via lexical phrase matches (UNCLOS‑relevant terms) and validated with KWIC snippets. Includes consolidated keywords, triggers, mapping rationale, and ordinal breadth score (0–10)."
10 key phrases,"Global geographical scope, Exclusive economic zones (EEZs), Territorial waters, Member states' authority, Maritime regions, 
International waters, Coastal areas, Oceanic resources, Inland waters, Maritime safety and security, Environmental protection","global, geographical, scope, exclusive, economic, zones, eezs, territorial, waters, member, states, authority, maritime, regions, international, waters, coastal, areas, oceanic, resources, inland, waters, maritime, safety, security, environmental, protection","{'global': 1, 'geographical': 1, 'scope': 1, 'exclusive': 1, 'economic': 1, 'zones': 1, 'eezs': 1, 'territorial': 1, 'waters': 3, 'member': 1, 'states': 1, 'authority': 1, 'maritime': 2, 'regions': 1, 'international': 1, 'coastal': 1, 'areas': 1, 'oceanic': 1, 'resources': 1, 'inland': 1, 'safety': 1, 'security': 1, 'environmental': 1, 'protection': 1}","inland waters: ters, Coastal areas, Oceanic resources, **Inland waters**, Maritime safety and security, Environm; territorial waters: scope, Exclusive economic zones (EEZs), **Territorial waters**, Member states' authority, Maritime reg; exclusive economic zone: Global geographical scope, **Exclusive economic zone**s (EEZs), Territorial waters, Member sta; eez: phical scope, Exclusive economic zones (**EEZ**s), Territorial waters, Member states' a","areas, authority, coastal, economic, eezs, environmental, exclusive, geographical, global, inland, international, maritime, member, oceanic, protection, regions, resources, safety, scope, security, states, territorial, waters, zones","['Internal Waters (IW)', 'Territorial Sea (TS)', 'Exclusive Economic Zone (EEZ)']",Internal Waters (IW); Territorial Sea (TS); Exclusive Economic Zone (EEZ),"{'Internal Waters (IW)': ['inland waters'], 'Territorial Sea (TS)': ['territorial waters'], 'Exclusive Economic Zone (EEZ)': ['exclusive economic zone', 'eez']}","Internal Waters (IW): matched inland waters (string match + KWIC) | Territorial Sea (TS): matched territorial waters (string match + KWIC) | Exclusive Economic Zone (EEZ): matched exclusive economic zone, eez (string match + KWIC)",3,"URLs removed; text lowercased; non‑alphanumerics stripped; stopwords removed. Keywords extracted and frequencies computed. Candidate Spatial Jurisdiction categories identified via lexical phrase matches (UNCLOS‑relevant terms) and validated with KWIC snippets. Includes consolidated keywords, triggers, mapping rationale, and ordinal breadth score (0–10)."
